title,avg_rating,price,voted_by,services
Kathmandu Boutique Hotel,5,"NPR 1,694",580,Free Wifi Room service 
Hotel Friend's Home,5,"NPR 2,198",1626,Free Wifi Restaurant 
Oasis Kathmandu Hotel,5,"NPR 2,691",1332,Free Wifi Restaurant 
Hotel Moonlight,4.5,"NPR 3,308",577,Free Wifi Free parking 
Kumari Boutique Hotel,5,"NPR 3,448",584,Free Wifi Free parking 
Satkar Hotel & Spa,5,"NPR 5,102",45,Free Wifi Free parking 
Hotel Shambala,4.5,"NPR 5,928",749,Free Wifi Free parking 
Lemon Tree Hotel,5,"NPR 6,656",180,Free Wifi Restaurant 
Hotel Jay Suites,4.5,"NPR 2,852",282,Free Wifi Restaurant 
Hotel Shanker,4,"NPR 3,439",1458,Free Wifi Free parking 
Hotel Yala Peak,4.5,NPR 878,254,Free Wifi Restaurant 
The Soaltee Kathmandu,4,"NPR 8,420",1267,Free parking Pool 
Hotel Yak & Yeti,4,"NPR 7,304",1635,Free Wifi Free parking 
Hyatt Regency Kathmandu,4.5,"NPR 11,695",2299,Free Wifi Free parking 
Hotel Access Nepal,4.5,"NPR 2,266",446,Free Wifi Restaurant 
Gokarna Forest Resort,4.5,"NPR 16,935",1231,Free parking Pool 
Thamel Eco Resort,4.5,"NPR 5,175",488,Free Wifi Restaurant 
Hotel Florid Nepal,4.5,"NPR 1,420",210,Free Wifi Restaurant 
Hotel Manaslu,3.5,"NPR 5,450",318,Free Wifi Free parking 
Hotel Everest Nepal,5,"NPR 1,816",78,Free Wifi Free parking 
Thamel Grand Hotel,4,"NPR 2,439",170,Free Wifi Free parking 
Hotel Vaishali,3.5,"NPR 5,175",441,Free Wifi Free parking 
Hotel Sabrina,4.5,"NPR 5,872",20,Free Wifi Free parking 
Casa Mia Hotel,5,"NPR 2,870",8,Free Wifi Free parking 
Royal Empire Boutique Hotel,4.5,"NPR 7,573",38,Free Wifi Free parking 
Shangrila Lodge,4.5,NPR 575,32,Free Wifi Restaurant 
Hotel Meridian Suite,4,"NPR 2,830",74,Free Wifi Free parking 
Hotel Bagmati,4,"NPR 3,651",8,Free Wifi Free parking 
OYO 562 Hotel Ktm,5,"NPR 1,353",1,Free parking Bar/Lounge 
Kathmandu Airport Hotel,3,"NPR 3,010",14,Free Wifi Free parking 
Shangri-La Hotel Kathmandu,3.5,"NPR 86,136",598,Free Wifi Free parking 
Satkar Hotel & Spa,5,"NPR 5,102",45,Free Wifi Free parking 
Kathmandu Eco Hotel,5,"NPR 1,817",1405,Free Wifi Restaurant 
Thamel Boutique Hotel,5,"NPR 5,545",111,Free Wifi Free parking 
Hotel Nepalaya,4.5,"NPR 1,996",876,Free Wifi Restaurant 
Aryatara Kathmandu Hotel,5,"NPR 3,238",1096,Free Wifi Restaurant 
Arushi Boutique Hotel,5,"NPR 6,774",83,Free Wifi Free parking 
Dream Nepal Hotel and Apartment,5,"NPR 2,454",807,Free Wifi Restaurant 
Aloft Kathmandu Thamel,5,"NPR 10,295",153,Free Wifi Free parking 
Gurung's Home,5,"NPR 1,666",163,Free Wifi 
Hotel Roadhouse,5,"NPR 3,946",118,Free Wifi Restaurant 
Thamel Backpackers Home,5,"NPR 1,185",186,Free Wifi Free parking 
Kathmandu Suite Home,5,"NPR 5,216",221,Free Wifi Restaurant 
Hotel Encounter Nepal,4.5,"NPR 3,292",1426,Free Wifi Free parking 
Ambassador Garden Home - Boutique Hotel,4.5,"NPR 5,292",964,Free Wifi Restaurant 
Taleju Boutique Hotel,5,"NPR 3,029",303,Free Wifi Free parking 
Maya Boutique Hotel,5,"NPR 3,283",206,Free Wifi Room service 
Hotel Mums Home Pvt Ltd,5,"NPR 2,863",909,Free Wifi Free parking 
Blue Mountain Homestay,5,"NPR 1,711",482,Free Wifi 
Baber Mahal Vilas The Boutique Hotel,5,"NPR 14,210",174,Free Wifi Free parking 
Traditional Comfort - A Boutique Hotel,5,"NPR 10,097",276,Free Wifi Restaurant 
Kathmandu Marriott Hotel,5,"NPR 11,578",187,Free Wifi Free parking 
Dalai-La Boutique Hotel,5,"NPR 10,697",834,Free Wifi Restaurant 
Kathmandu Grand Hotel,4.5,"NPR 2,906",1074,Free Wifi Restaurant 
M Hotel Thamel-Kathmandu,5,"NPR 3,175",216,Free Wifi Restaurant 
Hotel Mulberry,5,"NPR 10,600",274,Free Wifi Free parking 
Hotel Osho Home,5,"NPR 2,615",513,Free Wifi Restaurant 
Kasthamandap Boutique Hotel,5,"NPR 4,165",243,Free Wifi Restaurant 
Hotel Buddy,5,"NPR 6,274",286,Free Wifi Free parking 
Andes House,4.5,"NPR 1,863",360,Free Wifi 
Zostel Kathmandu,4.5,"NPR 2,064",190,Free Wifi Restaurant 
The Dwarika's Hotel,5,"NPR 42,048",1362,Pool Restaurant 
Stupa Guest House and Restaurant,4.5,"NPR 1,389",223,Free Wifi Restaurant 
Hotel Buddha,4.5,"NPR 4,234",552,Free Wifi Free parking 
Hotel Mi Casa,5,"NPR 4,657",592,Free Wifi Restaurant 
Hotel The Sacred Valley Home,4.5,"NPR 2,198",457,Free Wifi Restaurant 
Kathmandu Madhuban Guest House,4.5,"NPR 1,455",397,Free Wifi Free parking 
DOM Himalaya Hotel,4.5,"NPR 3,787",277,Free Wifi Free parking 
Hotel Bliss International,4.5,"NPR 12,833",385,Free Wifi Restaurant 
Backyard Hotel,4.5,"NPR 2,117",696,Free Wifi Restaurant 
Hotel Tibet International,4.5,"NPR 8,771",725,Free parking Restaurant 
Elbrus Home,4.5,"NPR 1,458",438,Free Wifi 
Avataar Kathmandu Hotel,4.5,"NPR 4,928",392,Free Wifi Restaurant 
Alpine Hotel & Apartment,5,"NPR 2,191",459,Free Wifi Restaurant 
Hotel Ganesh Himal,4.5,"NPR 2,334",755,Free Wifi Restaurant 
Hotel Ambassador by ACE Hotels Kathmandu,4.5,"NPR 6,020",150,Free Wifi Free parking 
Hotel Happy Home,4.5,"NPR 2,352",632,Free Wifi Restaurant 
Bag Packer's Lodge,4.5,NPR 985,230,Free Wifi Restaurant 
Sakura Boutique Hotel,5,"NPR 3,622",73,Free Wifi 
Fairfield by Marriott Kathmandu,4.5,"NPR 8,069",381,Free Wifi Free parking 
Gaju Suite Hotel,4.5,"NPR 10,459",550,Free Wifi Free parking 
The Maya Manor Boutique Hotel by KGH Group,4.5,"NPR 5,679",169,Free Wifi Free parking 
The Address Kathmandu Hotel,4.5,"NPR 6,209",261,Free Wifi Restaurant 
Truly Asia Boutique Hotel,5,"NPR 10,253",199,Free Wifi Restaurant 
Hotel Dream City (P) Ltd.,5,"NPR 2,484",190,Free Wifi Restaurant 
Kathmandu Peace Home,5,"NPR 1,113",103,Free Wifi Free parking 
Bodhi Guest House,5,"NPR 2,541",141,Free Wifi Restaurant 
Greatwall International Hotel,4.5,"NPR 3,078",202,Free Wifi Restaurant 
ROKPA Guest House,5,,206,Free Wifi Restaurant 
Norbulinka Boutique Hotel,4.5,,392,Free Wifi Restaurant 
Kantipur Temple House,4.5,,1035,Free Wifi Restaurant 
Royal Penguin Boutique Hotel & Spa,4.5,,302,Free Wifi Restaurant 
Feel Like Home Nepal,5,"NPR 8,280",11,Free Wifi Restaurant 
yog hostel,5,"NPR 2,222",104,Free Wifi Restaurant 
The Exotic House,5,"NPR 2,096",91,Free Wifi Spa 
Hotel Silver Home,4.5,"NPR 1,035",752,Free Wifi 
Kathmandu Guest House,4,"NPR 5,645",1574,Free Wifi Restaurant 
Hotel Arts Kathmandu,4.5,"NPR 6,115",272,Free Wifi Restaurant 
Hotel Thamel,4,"NPR 2,745",466,Free Wifi Restaurant 
Ghangri Boutique Hotel,4.5,"NPR 6,656",138,Free Wifi Free parking 
Aria Boutique Hotel & Spa,4.5,"NPR 5,695",357,Free Wifi Restaurant 
Shangri-La Boutique Hotel,4.5,"NPR 1,242",267,Free Wifi Restaurant 
Khangsar Guest House,4.5,"NPR 1,059",550,Free Wifi Restaurant 
OYO 210 Andes Hotel Pvt Ltd,4.5,"NPR 1,435",150,Free Wifi Free parking 
Karma Boutique Hotel,5,"NPR 4,738",69,Free Wifi Free parking 
The Milestone Hotel,5,"NPR 3,161",106,Free Wifi Restaurant 
Dolphin Guest House,4.5,"NPR 1,304",197,Free Wifi Room service 
Hotel Jampa,5,"NPR 3,528",204,Free Wifi Restaurant 
Hotel Holy Himalaya,4,"NPR 4,268",505,Free Wifi Restaurant 
Fuji Hotel,4,"NPR 3,754",281,Free Wifi Restaurant 
AI Boutique Hotel,5,"NPR 5,229",64,Free Wifi Restaurant 
Potala Tourist Home,4.5,"NPR 1,242",150,Free Wifi Restaurant 
Hotel Kathmandu Home Annex,5,"NPR 9,465",80,Free Wifi Restaurant 
Hotel Thorong Peak,4.5,"NPR 4,692",176,Free Wifi Restaurant 
De Hotel Veda Pvt. Ltd,4.5,"NPR 3,829",144,Free Wifi Restaurant 
Mirage Lords Inn,4.5,"NPR 5,789",212,Free Wifi Free parking 
Rest Up Kathmandu Hostel,5,"NPR 1,764",63,Free Wifi Free parking 
Hotel Kumari Inn,5,"NPR 3,189",90,Free Wifi Free parking 
Mandala Boutique Hotel,4.5,"NPR 6,727",138,Free Wifi Free parking 
salwood Heritage,5,"NPR 2,682",70,Free Wifi Free parking 
Hotel Buddha Land,4.5,"NPR 2,156",287,Free Wifi Room service 
Nepali Ghar Hotel,4.5,,73,Free Wifi Restaurant 
Potala Guest House,4,,226,Free Wifi Restaurant 
Feel Like Home Nepal,5,"NPR 8,280",11,Free Wifi Restaurant 
Radisson Hotel Kathmandu,4,"NPR 8,186",1408,Free Wifi Free parking 
Hotel Himalaya Hub,5,"NPR 1,694",67,Free Wifi Free parking 
Hotel Green Horizon,4.5,"NPR 3,803",205,Free Wifi Free parking 
Kathmandu Home Nepal,4.5,"NPR 7,997",356,Free Wifi Restaurant 
Grand Hotel Kathmandu,4,"NPR 4,742",393,Free parking Pool 
Beautiful Kathmandu Hotel,4.5,"NPR 3,279",65,Free Wifi Free parking 
Himalayan Ghar,5,"NPR 3,434",39,Free Wifi Free parking 
Samsara Resort & Hotel,4,"NPR 2,331",342,Free Wifi Free parking 
Nepal Pavilion Inn,4.5,"NPR 3,094",64,Free Wifi Restaurant 
Woodapple Hotel and Spa,5,"NPR 4,919",31,Free Wifi Free parking 
Himalayan Suite Hotel,5,"NPR 4,000",30,Free Wifi Free parking 
Royal Singi Hotel,4,"NPR 9,202",286,Free Wifi Free parking 
Hotel Atlantic Nepal,4.5,"NPR 3,328",158,Free Wifi Room service 
Kathmandu Garden Home,4.5,"NPR 2,766",77,Free Wifi Free parking 
Hotel Utse,4.5,"NPR 4,672",174,Free Wifi 
Satkar Hotel & Spa,5,"NPR 5,102",45,Free Wifi Free parking 
Akama Hotel,4.5,"NPR 8,420",57,Free Wifi Free parking 
Kathmandu Regency Hotel,4.5,"NPR 2,077",50,Free Wifi Free parking 
327 Thamel Hotel,4.5,"NPR 2,572",104,Free Wifi Restaurant 
Cocina Mitho Chha,5,"NPR 4,012",72,Free Wifi Restaurant 
3 Rooms by Pauline,5,"NPR 5,692",50,Free Wifi Free parking 
Flying Yak Kathmandu,5,"NPR 3,275",43,Free Wifi Restaurant 
Hotel Blue Horizon,4,"NPR 3,423",484,Free Wifi Restaurant 
Hotel Gallery Nepal,4.5,"NPR 2,126",75,Free Wifi Restaurant 
Retreat Serviced Apartments,4.5,"NPR 6,593",59,Free Wifi Free parking 
Dahachok Homestay,5,"NPR 1,222",35,Free Wifi Free parking 
Kathmandu Sunny Hotel,5,"NPR 3,670",57,Free Wifi Free parking 
Hotel Thamel Park,4.5,"NPR 6,774",40,Free Wifi Free parking 
Hotel Shreesu,4.5,"NPR 5,292",65,Free Wifi Restaurant 
Hotel Sapana Garden,5,,68,Free Wifi Restaurant 
Feel Like Home Nepal,5,"NPR 8,280",11,Free Wifi Restaurant 
Hotel Pleasure Home,4,NPR 660,168,Free Wifi Restaurant 
Thamel Villa,4.5,"NPR 2,754",40,Free Wifi Free parking 
Nivas Boutique Home,5,"NPR 4,234",26,Free Wifi Restaurant 
Choice Hotels,4.5,"NPR 2,352",71,Free Wifi Free parking 
Hotel Excelsior,4.5,"NPR 6,841",136,Free Wifi Restaurant 
Stupa View Inn,5,NPR 847,28,Free parking Restaurant 
Holy Lodge,4.5,"NPR 2,236",153,Free Wifi Restaurant 
Kathmandu Cityhill Studio Apartment,5,"NPR 3,105",34,Free Wifi Free parking 
World Heritage Hotel & Apartments,4.5,"NPR 2,352",76,Free Wifi Free parking 
Hotel Rising Home,5,NPR 59,26,Free Wifi Restaurant 
Solid Rock Lodge & Restaurant,4.5,"NPR 3,124",33,Free Wifi Free parking 
Hotel Livin Kathmandu,4.5,"NPR 8,186",30,Free Wifi Restaurant 
Hotel Landmark Kathmandu,4.5,"NPR 5,927",32,Free Wifi Free parking 
Hotel Lily,4.5,"NPR 2,044",161,Free Wifi Restaurant 
Holyland Guest House,4,"NPR 1,469",126,Free Wifi Room service 
The Boudha Inn,4.5,"NPR 2,373",77,Free Wifi Free parking 
Hotel Vajra,4,"NPR 3,368",206,Free Wifi Restaurant 
Hotel Lotus Gems,4.5,"NPR 5,198",40,Free Wifi Pool 
Hotel Marshyangdi,3.5,"NPR 9,315",290,Free Wifi Restaurant 
Thamel Seasons Hotel,4.5,"NPR 1,505",50,Free Wifi Free parking 
The Fern Residency Kathmandu,4,"NPR 6,432",68,Free Wifi Free parking 
Hotel Royal Suite,4.5,"NPR 7,299",41,Free Wifi Restaurant 
Family Peace House,4,NPR 676,105,Free Wifi Restaurant 
Yakety Yak Hostel,5,"NPR 1,442",24,Free Wifi Bar/Lounge 
Nepal Cottage Resort,4.5,"NPR 4,422",39,Free Wifi Free parking 
The Everest Hotel,5,"NPR 7,602",36,Free Wifi Free parking 
Apsara Boutique Hotel,4.5,"NPR 5,705",316,Free Wifi Free parking 
Hotel Mandala,4,"NPR 7,452",49,Free Wifi Free parking 
Hotel Harmika,4.5,,71,Free Wifi Restaurant 
Hotel Hema,5,,31,Free Wifi Free parking 
Feel Like Home Nepal,5,"NPR 8,280",11,Free Wifi Restaurant 
Retro Hotel and Spa,5,"NPR 4,279",31,Free Wifi Free parking 
Simrika Homes,4.5,"NPR 1,143",34,Free Wifi Free parking 
Kathmandu Village House,4.5,"NPR 1,770",22,Free Wifi Free parking 
Birds Nest Hostel,5,"NPR 1,250",15,Free Wifi Free parking 
Nepal Yoga Home,5,"NPR 5,012",17,Free Wifi Free parking 
Aarya Khasti,5,"NPR 2,117",18,Free Wifi Restaurant 
BnB Royal Tourist House,5,"NPR 1,138",18,Free Wifi 
Kathmandu Nomad Hotel,4.5,"NPR 1,270",44,Free Wifi Free parking 
Hotel Butsugen,5,"NPR 5,168",32,Free Wifi Free parking 
Om Tara Guest House,4.5,"NPR 3,649",77,Free Wifi Room service 
Hotel Hana,4,"NPR 1,314",43,Free Wifi Free parking 
Be Here Now,5,"NPR 1,524",15,Free Wifi Free parking 
Lavee Residence,5,"NPR 3,897",17,Free Wifi Free parking 
Hotel Crowne Imperial,4.5,"NPR 21,179",31,Free Wifi Free parking 
Aarya Chaitya Inn,5,"NPR 1,593",13,Free Wifi Room service 
The Ramblers Hostel,5,"NPR 3,622",12,Free Wifi Free parking 
Thamel Home,5,"NPR 4,210",12,Free Wifi Free parking 
Regal Airport Hotel,4,"NPR 3,259",74,Free Wifi Restaurant 
Monkey Temple Homestay,5,NPR 753,27,Free Wifi Free parking 
Timber House,4.5,"NPR 6,315",16,Free Wifi Restaurant 
Feel Like Home Nepal,5,"NPR 8,280",11,Free Wifi Restaurant 
Hotel Thamel House,5,"NPR 6,598",11,Free Wifi Free parking 
Flock Hostel Kathmandu,5,"NPR 2,540",9,Free Wifi Free parking 
Hotel Mountain Gateway,4.5,"NPR 1,724",17,Free Wifi Restaurant 
Bouddha Boutique Hotel,5,"NPR 5,175",13,Free Wifi Free parking 
Hotel Yellow Pagoda,3.5,"NPR 10,564",95,Free Wifi Free parking 
Hotel Metropolitan Kantipur,4,"NPR 2,279",31,Free Wifi Restaurant 
Hotel Himalayan Oasis,4.5,"NPR 2,130",49,Free Wifi Restaurant 
Summit Residency,3.5,,134,Free parking Restaurant 
Dipankara Holiday Home,4.5,,32,Free Wifi Free parking 
Feel Like Home Nepal,5,"NPR 8,280",11,Free Wifi Restaurant 
Amar Hotel,4.5,"NPR 2,924",22,Free Wifi Free parking 
Asian Heritage Inn & Bistro,5,"NPR 2,852",9,Restaurant Room service 
Hotel Yeti Home,5,"NPR 3,104",10,Free Wifi Free parking 
Classic Nepal Hotel,4.5,"NPR 2,700",47,Free Wifi Free parking 
Hotel Serenity,4.5,"NPR 3,105",54,Free Wifi Restaurant 
Hotel Siddhi Manakamana,4.5,"NPR 5,895",31,Free Wifi Free parking 
Hotel Maharaja Palace,4.5,"NPR 3,293",20,Restaurant 
Khushi Homestay,5,"NPR 1,317",10,Free Wifi Free parking 
Hotel Karma,4,"NPR 2,503",46,Free Wifi Restaurant 
"Kalsee Eco lodge, Netherland Camp",4.5,"NPR 10,162",11,Restaurant Room service 
Hotel Holy Temple Tree & Chautari Cafe With Bar,4,"NPR 3,508",49,Free Wifi Free parking 
Basera Boutique Hotel,5,"NPR 10,525",6,Free parking Pool 
Amore Guesthouse Kathmandu,4.5,"NPR 3,189",13,Free Wifi Room service 
Hotel Mustang Holiday Inn,4,"NPR 1,656",33,Free Internet 
Thamel Apartments Hotel,4.5,"NPR 6,238",17,Free Wifi Free parking 
Kathmandu Merry Hotel,4,"NPR 2,603",21,Free Wifi Restaurant 
Hotel Ruza,4.5,"NPR 2,824",11,Free Wifi Restaurant 
Nomad Hotel,5,"NPR 4,657",6,Free Wifi Restaurant 
King's Land Hotel,4,"NPR 1,355",40,Free Wifi 
Beehive Hostel,4.5,NPR 931,11,Free Wifi Free parking 
Le Rhododendron Chambres d'Hotes,4.5,"NPR 2,070",33,Free Wifi Free parking 
Hotel Pashupati Darshan,5,"NPR 1,035",11,
Hotel Sisters Home,4.5,NPR 941,10,Free Wifi Restaurant 
Hotel Northfield,3.5,"NPR 2,396",62,Free Wifi Restaurant 
Rosemary Hostel,5,"NPR 1,561",5,Free Wifi Free parking 
Hotel Aagaman,4,"NPR 1,412",17,Free Wifi Free parking 
Dine & Dream Hotel Restaurant & Bar,5,,20,Free Wifi Free parking 
Hotel Norbu Sangpo,4.5,,21,Free Wifi Restaurant 
Hotel Marinha Pvt. Ltd.,4.5,,11,Free Wifi Free parking 
Siddhartha Hotel Boudha,4.5,,15,Free Wifi Restaurant 
Feel Like Home Nepal,5,"NPR 8,280",11,Free Wifi Restaurant 
OYO 206 Mount View Homes,4.5,"NPR 3,304",6,Free Wifi Free parking 
Kathmandu Bed & Breakfast Inn,4.5,"NPR 3,053",13,Free Wifi Free parking 
Hotel Imperial Kathmandu,4.5,"NPR 5,847",6,Free Wifi Free parking 
The Buddha Garden Hotel,4.5,"NPR 3,328",61,Free Wifi Free parking 
Chhaimale Resort,4,"NPR 3,998",25,Free Wifi Free parking 
Green Boutique Hotel,5,"NPR 5,263",4,Free parking Restaurant 
Hotel Holiday Inn,5,NPR 880,5,Free Wifi Free parking 
Sara's Backpackers Hostel,4,NPR 465,7,Free Wifi Free parking 
Durbar Hotel & Residence,5,"NPR 3,749",3,
Hotel Mandap,3.5,"NPR 3,428",70,Free Wifi Restaurant 
Hotel Darwin,5,"NPR 2,352",4,Free Wifi Restaurant 
Nirvana Home,5,"NPR 3,439",15,Free Wifi Free parking 
Hotel Crown Plaza,4,"NPR 2,603",14,Free Wifi Free parking 
OYO 123 Hotel Prince Plaza,4,"NPR 2,152",27,Free Wifi Free parking 
Hotel Taishan Private Limited,4,"NPR 3,105",13,Free Wifi Free parking 
Ramada Encore By Wyndham Kathmandu,4,"NPR 8,945",16,Free Wifi Free parking 
Hotel Milarepa,4,"NPR 3,146",9,Free Wifi Free parking 
Kathmandu Homestay,5,"NPR 7,997",24,Free Wifi Free parking 
Sampada Garden Restaurant,5,"NPR 3,650",4,Free Wifi Free parking 
Marcopolo Business Hotel,3.5,"NPR 6,115",17,Free Wifi Free parking 
Satori Homestay,5,"NPR 2,250",3,Free Wifi Free parking 
Sherpa Sweet Home,5,"NPR 4,234",2,Free Wifi Free parking 
Tushita Inn,5,"NPR 3,952",2,
The Amadablam Hotel,3.5,,28,Free Wifi Free parking 
Boudha Stupa View Guest House,3.5,,28,Free Wifi Restaurant 
Shivapuri Village,3.5,,23,Free parking Restaurant 
Hotel Mystic Buddha,4,,8,Free Wifi Free parking 
Mandakini Hotel,4.5,,6,Free Wifi Restaurant 
Himalayan Sherpa Inn,5,,2,
Sudha's Garden Home,4.5,,7,Free Wifi Free parking 
Jagat Hotel,4,"NPR 2,816",5,Free Wifi Room service 
Aryal International hotel,3.5,"NPR 4,234",10,Restaurant Room service 
Hotel Holiday House,3.5,"NPR 9,832",53,Free Wifi Restaurant 
SUBI Home Stay,5,NPR 833,2,Free Wifi Free parking 
Buddha Rooms,5,"NPR 1,317",2,Free Wifi Bar/Lounge 
Rosebud Hotel & Resort,3,NPR 881,17,Free Wifi Free parking 
Hotel Pomelo House 2,5,"NPR 1,128",1,Free Wifi Free parking 
Hotel Pomelo House Inn,4,NPR 994,73,Free Wifi Restaurant 
Ganapati Airport Hotel,3.5,"NPR 2,343",4,
Sherpa Homestay,5,"NPR 2,117",1,Free Wifi Free parking 
Kantipur Temple Homestay,5,"NPR 1,863",1,Free parking Room service 
Typical Nepali Homestay,5,"NPR 2,842",1,
Kathmandu Merry Hotel,5,"NPR 1,505",1,Free Wifi Restaurant 
Hotel Swastik,5,"NPR 1,185",1,Free Wifi Restaurant 
OYO 156 Hotel Sweet Town,4.5,"NPR 2,631",8,Free Wifi Free parking 
Noya Kathmandu,4,"NPR 17,542",1,Free Wifi Free parking 
Rameshworam Hotel,3.5,"NPR 2,823",2,Restaurant Bar/Lounge 
SPOT ON 380 Hotel Pashupati Plaza,4,"NPR 2,130",1,Free Wifi Free parking 
Hotel Red Rock,4,"NPR 2,352",7,Free Wifi Restaurant 
Nomad's Apartment,3.5,"NPR 3,387",4,Free Wifi Free parking 
Durbar Hotel,3,"NPR 2,282",1,
Hotel Shivam Plaza,3,"NPR 2,898",5,Free Wifi Free parking 
Naikap Village Resort,4.5,"NPR 3,708",8,Free parking Bar/Lounge 
Mandala Suite,4.5,"NPR 1,023",3,Free Wifi Room service 
Hotel Marsyangdi Mandala,3,"NPR 15,618",13,Restaurant 
Mandala Hotel,5,"NPR 5,175",4,Free Wifi Free parking 
Bodhi Inn & Suite,4.5,,3,Free Wifi Restaurant 
Hotel Khumjung,5,,8,Free Wifi Pool 
Hotel Krishna Kathmandu,5,,1,Free Wifi Free parking 
Hotel Om Ganapati,5,,1,Free Wifi Free parking 
Ignite Hotel And Restaurant,5,"NPR 5,999",1,Free Wifi Free parking 
Hotel Nana Thamel,3.5,"NPR 1,883",82,Free Wifi Restaurant 
Hotel Sunway Inn Nepal,3.5,"NPR 1,317",5,Free Wifi Restaurant 
Hotel Brihaspati,3.5,"NPR 3,199",11,Free Wifi Free parking 
Hotel Peace Mountain,2.5,"NPR 1,594",2,Free Wifi Restaurant 
Peace Guest House,2,"NPR 2,070",1,
Everest Holiday Inn,2,"NPR 1,431",2,Free Wifi Free parking 
Hotel Arati,2,"NPR 3,158",2,Restaurant Bar/Lounge 
Hotel Sahara Inn,1,NPR 728,1,Restaurant Room service 
OYO 11474 Gangaur Regency Boutique Hotel,2.5,"NPR 4,538",5,Free Wifi Restaurant 
Hotel Mountain,2.5,"NPR 4,678",40,Restaurant 
Bliss Apartment,Nan,"NPR 4,400",0,Free Wifi Free parking 
Samakhusi Deluxe Apartment,Nan,"NPR 7,017",0,
United Business Hotel,2.5,"NPR 3,575",15,Free Wifi Free parking 
Hotel Atithi,Nan,"NPR 3,293",0,Free Wifi Free parking 
Lincoln Holiday Home,Nan,"NPR 2,020",0,Free Wifi Free parking 
Hotel Luxury,Nan,"NPR 2,083",0,Free Wifi Free parking 
Shine Nepal,Nan,"NPR 1,693",0,
Four Red Doors Apartments,Nan,"NPR 3,874",0,Free Wifi Free parking 
Akama Hotel,Nan,"NPR 12,031",0,
Kantipur Village,Nan,"NPR 5,878",0,Free Wifi Free parking 
Hamro Homestay,Nan,"NPR 1,863",0,Free Wifi Restaurant 
Lazimpat Luxury Apartments,Nan,"NPR 5,175",0,
Nirvana,Nan,"NPR 2,365",0,Restaurant 
Hotel Golden,Nan,"NPR 10,100",0,Restaurant Room service 
Nexus Inn - The Aparthotel,Nan,"NPR 1,561",0,
Asian Himalaya Home Stay: Kathmandu Nepal,Nan,"NPR 2,963",0,
Airport Hotel,Nan,"NPR 7,241",0,
Sunshine Boutique Hotel,2.5,,2,Free Wifi Free parking 
OYO 160 Hotel Shraddha Palace,1,,2,Free Wifi Restaurant 
Hotel Shanker,4,"NPR 3,439",1458,Free Wifi Free parking Pool Restaurant 
Mystic Homes Hotel and Apartments,Nan,"NPR 2,924",0,
Hotel Parami Inn,Nan,"NPR 3,098",0,
Bista Homestay,Nan,"NPR 2,117",0,
OM Stupa Guest House,Nan,"NPR 1,913",0,
Durbar Square Backpackers Inn,Nan,"NPR 1,882",0,Free Wifi Bar/Lounge 
Aranya Boutique Hotel,Nan,"NPR 11,695",0,
Hotel Gold International,Nan,,0,
Entrada Nepal Hospitality,Nan,"NPR 2,374",0,
OYO 287 Hotel Buddha Palace,Nan,"NPR 2,025",0,
Hotel Ace,Nan,"NPR 2,121",0,
Nobel Peace Hotel,Nan,"NPR 1,458",0,Restaurant 
Bodhi Homes,Nan,"NPR 4,093",0,
Hotel Ruza Nepal,Nan,"NPR 3,033",0,
Sunrise Homestay,Nan,"NPR 2,005",0,
Sahara Apartment,Nan,"NPR 1,770",0,
Hotel Attic Empire,Nan,"NPR 2,083",0,
Skyline Hotel,Nan,"NPR 3,124",0,
Rinchen Hotel,Nan,,0,Free Wifi Free parking 
OYO 729 Hotel Era,Nan,"NPR 1,483",0,
Marinha Airport Hotel,Nan,"NPR 4,093",0,Free parking Restaurant 
Shree Kunja Homestay,Nan,"NPR 4,210",0,
Manaslu Home,Nan,"NPR 1,062",0,
Hotel Royal International,Nan,"NPR 4,093",0,
Hotel America - Kathmandu,Nan,"NPR 4,279",0,Free Wifi Bar/Lounge 
Alliance Hotel,Nan,"NPR 3,023",0,
Kathmandu Nomad Apartment,Nan,"NPR 6,111",0,
Hotel Triratna,Nan,NPR 937,0,Free Wifi Restaurant 
Hostel Solo Travel Nepal,Nan,"NPR 2,593",0,
New Dungkar Guest House,Nan,"NPR 1,770",0,
Thamel Trekkers Hotel,Nan,"NPR 3,684",0,Free Wifi Free parking 
Feel Like Home Nepal,5,"NPR 8,280",11,Free Wifi Restaurant 
Hotelmelungtse & Apartment,Nan,"NPR 4,685",0,
Maya Boutique Hotel,Nan,"NPR 5,263",0,
Pema Boutique Hotel,Nan,"NPR 4,093",0,
Hotel C O International,Nan,"NPR 1,406",0,
Hotel Samrajya,Nan,"NPR 2,084",0,Free Wifi Free parking 
Nana Homes,Nan,"NPR 2,070",0,
OYO 287 Hotel Buddha Palace,Nan,"NPR 2,013",0,Restaurant 
Pari Homestay,Nan,"NPR 1,693",0,
Tembas House,Nan,"NPR 3,763",0,
Hotel Maheshwor,Nan,"NPR 6,560",0,Free Wifi Free parking 
Hotel Wawa,Nan,"NPR 3,124",0,Free parking Restaurant 
Hotel Yambu,5,,925,Free Wifi Free parking 
Shivapuri Heights Cottages,5,,437,Free Wifi Spa 
Chandra Ban Retreat,5,,176,Free Wifi Free parking 
Hotel Family Home,4.5,,834,Free Wifi 
Hotel Le Himalaya,5,,185,Free Wifi Free parking 
Shambaling Boutique Hotel,5,,646,Free Wifi Free parking 
Hotel Amaryllis,5,,518,Free Wifi Free parking 
Famous House Kathmandu,5,,274,Free Wifi Restaurant 
Trekkers' Home,4.5,,1042,Free Wifi Restaurant 
Tibet Peace Inn,5,,439,Free Wifi 
Yatri Suites and Spa,4.5,,516,Free Wifi Restaurant 
8848 Hostel,5,,94,Free Wifi Restaurant 
Bodhi Boutique Hotel,4.5,,118,Free Wifi 
Hotel Rosemary Homes,5,,74,Free Wifi Restaurant 
Hotel Manang Pvt. Ltd.,4,,513,Free Wifi Restaurant 
Hotel Heranya,4.5,,129,Free Wifi Free parking 
Asmita Bed & Breakfast,4.5,,159,Free Wifi Restaurant 
Zen Bed and Breakfast,4.5,,244,Free Wifi Restaurant 
Best Hostel and Ananda Garden Restaurant,5,,33,Free Wifi Free parking 
Eco Homestay,5,,23,Free Wifi Free parking 
Kirtipur Hillside Hotel & Resort,4.5,,35,Free Wifi Restaurant 
Hotel Dhargye Khangsar,5,,25,Free Wifi Free parking 
Mountain Backpackers Hostel,4.5,,16,Free Wifi Free parking 
Hotel Kamalashi Palace,4.5,,11,Free Wifi Free parking 
Feel Like Home Nepal,5,"NPR 8,280",11,Free Wifi Restaurant 
Hotel Bubo Himalaya,4.5,,25,Free Wifi Restaurant 
Pacific Guest House,4.5,,12,Free Wifi 
Hotel Chhimeki,5,,8,Free Wifi Free parking 
Sabila Boutique Hotel,5,,8,Restaurant 
Mahadev Hotel,4,,18,Free Wifi Free parking 
Hotel Tranquil,5,,8,Free Wifi Free parking 
Hotel Cascade,4,,38,Free Wifi Free parking 
Good Vibe Homestay,4.5,,14,Free Wifi Free parking 
Mount Annapurna Guest House,4.5,,33,Free Wifi Free parking 
Sunrise Apartment,5,,9,Free Wifi Free parking 
Eco Home Kathmandu Hotel,4.5,,16,Free Wifi Free parking 
Hotel Nandini,4,,15,Free Wifi Free parking 
Hotel Everest Mount Holiday,4,,30,Free Wifi Restaurant 
Hotel Tapas,5,,6,Free Wifi Free parking 
Rani Kunj by Casa Deyra,5,,4,Restaurant 
Hotel Readers Inn,5,,9,Free Wifi Free parking 
OYO 246 Tensar Hotel,4.5,,5,Free Wifi Free parking 
Chillout Resort,4,,67,Free Wifi Restaurant 
Boudha Inn and Meditation Center,4,,13,
Daami,5,,2,
Lost Garden Kathmandu,5,,2,Free Wifi Free parking 
Everland Kathmandu Hotel,5,,1,
Hotel Lotus Buddha Inn,5,,1,
Aryatara Kathmandu Hotel,5,,1,
Green Mandala Inn,4,,4,Free Wifi Free parking 
Feel Like Home Nepal,5,"NPR 8,280",11,Free Wifi Restaurant 
Hotel Sunaulo Inn,1.5,,3,Free Wifi Free parking 
Hotel Voyage,Nan,,0,
The President,Nan,,0,
Kathmandu Boutique Cottage,Nan,,0,
Big Tree Hostel,Nan,,0,
Nepali Hotels & Resort,Nan,,0,Free Wifi Free parking 
BnB Boudhha,Nan,,0,
OYO 777 Hotel Silver Mount,Nan,,0,
Green House Lodge,Nan,,0,Free Wifi Room service 
3 Monkeys Tourist Hostel,Nan,,0,
OYO 399 Club Orchid Inn,Nan,,0,Free Wifi Free parking 
Temple Tiger Apartment,Nan,,0,Bar/Lounge 
Hotel Lumbini Vatika,Nan,,0,Room service 
Hotel New Castle,Nan,,0,Restaurant Room service 
SPOT ON 572 Hotel Get Together,Nan,,0,
Hotel Nepal Bhumi,Nan,,0,
OYO 777 Hotel Silver Mount Pvt Ltd,Nan,,0,
OYO 552 Hotel President,Nan,,0,
Yala Peace Home,Nan,,0,
Hotel Gurkha,Nan,,0,
Hotel Mandala,Nan,,0,Restaurant 
Durbar Hotel & Residence,Nan,,0,
OYO 419 Hotel Crossroads,Nan,,0,
Retreat Serviced Apartments,Nan,,0,
Kathmandu City Hotel,Nan,,0,
OYO 506 Al Madina Palace,Nan,,0,
Oyo 318 Hotel Pancha Buddha,Nan,,0,Free parking Restaurant 
Hotel Eastiny Inn,Nan,,0,
Bodhi Tree Hostel,Nan,,0,Free Wifi Restaurant 
My Friend's Hostel,Nan,,0,
Norchhok Boutique Hotel,5,Nan,19,Free Wifi Free parking 
Namaste Nepal Hotels and Apartment,4.5,Nan,98,Free Wifi Restaurant 
Himalayan Height Resort,4.5,Nan,72,Free Wifi Free parking 
Heritage Home Hotel and Guest House,4.5,Nan,85,Free Wifi Restaurant 
Aananda Hotel,5,Nan,16,Free Wifi Free parking 
Kathmandu Friendly Home,4.5,Nan,158,Free Wifi 
Dhulikhel Mountain Resort,4,Nan,63,Free Wifi Restaurant 
Hotel Woodland Kathmandu,4,Nan,73,Free Wifi Free parking 
"Ambassador Chauni, Kathmandu",4.5,Nan,45,Free Wifi Free parking 
Hotel Sunset View,4,Nan,45,Free Wifi Restaurant 
The Valley Guesthouse,4,Nan,53,Restaurant Free Internet 
OYO 167 Adventure Home,4,Nan,42,Free Wifi Free parking 
Hotel Harati,3.5,Nan,61,Free Wifi Restaurant 
Pal Rabten Khansar Guest House,4.5,Nan,24,Free Wifi Restaurant 
OYO 11457 Kathmandu Resort Hotel,3.5,Nan,142,Free Wifi Free parking 
Hotel Visit Nepal,3.5,Nan,67,Free Wifi 
Sampada Garden Resort,5,Nan,32,Free Wifi Free parking 
Hotel Tashi Dhele,4,Nan,27,Free Wifi Free parking 
Hotel Nepal Tara,4.5,Nan,44,Free Wifi Free parking 
Travellers Inn,4,Nan,29,Free Wifi Free parking 
Tibet Guest House,3.5,Nan,303,Free Wifi Restaurant 
Nirvana Garden Hotel,3.5,Nan,222,Free Wifi Free parking 
OYO 738 Hotel Kaze Darbar,4.5,Nan,56,Free Wifi Free parking 
Hotel Discovery Inn,4.5,Nan,226,Free Wifi Free parking 
Hotel Yukhang,4,Nan,49,Free Wifi Free parking 
Hotel Padma,4,Nan,35,Free Wifi Restaurant 
Hotel Mudita,4.5,Nan,14,Free Wifi Free parking 
Malla Hotel,3.5,Nan,235,Pool Restaurant 
Hotel Ancient Center,4.5,Nan,12,Free Wifi Free parking 
Hotel Api,4.5,Nan,21,Free Wifi Restaurant 
Feel Like Home Nepal,5,"NPR 8,280",11,Free Wifi Restaurant 
My Friend's Hostel,5,Nan,5,Free Wifi Free parking 
Hotel Travel Inn,4,Nan,9,Free Wifi Free parking 
Hotel Green Orchid,4.5,Nan,6,
Newa Guest House,4.5,Nan,6,Restaurant Room service 
Hotel Gangjong,3,Nan,51,Restaurant Room service 
OYO 120 Hotel Tayoma,3.5,Nan,73,Free Wifi Restaurant 
Dwarika's Hotel,4.5,Nan,3,
Shantipur Hostel & Restaurant Kathmandu,4,Nan,17,Free Wifi Restaurant 
Hotel Down Town,3.5,Nan,11,Free Wifi Restaurant 
Royal Astoria Hotel,4,Nan,26,Free Wifi Free parking 
Kubeyra Mahal Hotel,4,Nan,9,Free Wifi Free parking 
SPOT ON 521 Himalayan Regency Hotel,5,Nan,2,Free parking Restaurant 
Hotel Comfort with Restaurant and Bar,4,Nan,7,
Hotel Kumari,4,Nan,5,Free Wifi Restaurant 
Hotel Diplomat P. Ltd.,4.5,Nan,3,
Shinee Hotels & Resorts,5,Nan,1,
Sherpa,5,Nan,1,Pool Restaurant 
Hotel Mt. Fuji,4,Nan,6,
Himalayan Suite Hotel,5,Nan,1,
Hotel R Valley View And Family Resturant,5,Nan,1,
Hotel Meridian Nepal,5,Nan,1,Free parking Restaurant 
OYO 273 Hotel Rara Palace,5,Nan,1,Restaurant 
Hotel Luna Kathmandu,5,Nan,5,Free Wifi Restaurant 
City Hotel and Suites,4,Nan,15,Free Wifi Free parking 
Skyline Hotel,4,Nan,10,Free Wifi Free parking 
Tangalwood Boutique Hotel,4,Nan,6,Free Wifi Free parking 
OYO 102 Alliance Hotel - Boudhanath Stupa,4.5,Nan,51,Free Wifi Free parking 
KTM City Home,4.5,Nan,2,
Hotel Deepshree,4.5,Nan,2,Free Wifi Free parking 
Hotel Lotus Buddha Inn,5,Nan,1,
Green Boutique Hotel,5,Nan,1,
SPOT ON 464 Hotel Pahuna Ghar,5,Nan,1,Free parking Restaurant 
SPOT ON 454 Surya Moon Inn,5,Nan,1,Restaurant Bar/Lounge 
OYO 611 Hotel Everest Regency,5,Nan,1,Free Wifi Free parking 
OYO 233 Waling Fulbari Guest House,5,Nan,1,Free parking Restaurant 
OYO 304 Hotel Manama,5,Nan,1,Restaurant 
Hotel Hama P.Ltd,4,Nan,5,
OYO 217 Shiva Tirupati Hotel,5,Nan,1,Free Wifi Free parking 
Treez Resort Pvt. Ltd.,4,Nan,1,
OYO 352 Hotel Konark Inn,4,Nan,1,Restaurant Bar/Lounge 
OYO 137 Hotel Pranisha Inn,4,Nan,1,Free Wifi Restaurant 
OYO 136 Hotel Om Plaza,3.5,Nan,3,Free Wifi Restaurant 
Woodlands Dynasty Plaza,3.5,Nan,2,Pool Restaurant 
Hotel Paradise Plaza,3.5,Nan,2,Free parking Restaurant 
OYO 175 Hotel Felicity,3,Nan,2,Free Wifi Restaurant 
Indigo House 11,3,Nan,2,Free Wifi 
Mirabel Resort Hotel,3,Nan,5,
OYO 472 Hotel Tapowan & Restaurant,3.5,Nan,3,Free parking Restaurant 
OYO 742 Hotel Thamel Inn And Restaurant,3,Nan,1,
Astoria Hotel,2.5,Nan,6,
Rameshworam Hotel,3,Nan,2,Free Wifi Free parking 
Hotel Nature,3,Nan,8,Free Wifi Restaurant 
OYO 161 Ram Janaki Hotel,3,Nan,5,Free Wifi Free parking 
Dakshinkali Club Resort,2.5,Nan,2,Pool Restaurant 
OYO Hotel Antique Kutty,5,Nan,1,
OYO 146 Somewhere Hotel & Resturant,5,Nan,1,Free Wifi Restaurant 
4 Seasons Hostel,5,Nan,1,
Hotel Maalaxmi Inn,5,Nan,1,Restaurant Room service 
OYO 202 Hotel Kanchenjunga,3,Nan,1,Free Wifi Free parking 
Hotel Four Eyes,3,Nan,4,Free Wifi Free parking 
Mount Princess Hotel,2.5,Nan,3,Free Wifi Free parking 
OYO 260 Hotel Cultural Inn,2.5,Nan,2,Restaurant Bar/Lounge 
Deutsch Home,3.5,Nan,18,Free Wifi Room service 
Capital O 697 Swornim Boutique Hotel,4.5,Nan,6,Free Wifi Free parking 
OYO 255 White Zambala Hotel,2.5,Nan,2,Free parking Restaurant 
Hotel Maa Laxmi Inn,5,Nan,2,Free Wifi Free parking 
Hotel Lion,2.5,Nan,13,Free Wifi Free parking 
Hotel Adventure Nepal,1,Nan,1,
Hotel Classic,2,Nan,3,
OYO 142 CO International Guest House,1,Nan,1,Free Wifi Free parking 
Tibet Holiday Inn,2,Nan,6,
OYO 372 Hotel Happy Inn,1,Nan,1,
OYO 453 Hotel Gurkha Heritage,1,Nan,1,Free parking Restaurant 
Hotel Tradition,4,Nan,20,Restaurant Room service 
Hotel Cozy Inn,Nan,Nan,0,Restaurant 
Hotel Baltic Inn,1,Nan,6,Free Wifi Free parking 
Hotel Namtso,Nan,Nan,0,
Garden Hotel,Nan,Nan,0,
Hyatt Place Kathmandu,Nan,Nan,0,
Hotel Whiterose Thamel,Nan,Nan,0,
Hotel Cloud,Nan,Nan,0,
OYO 733 Hotel Roto,Nan,Nan,0,
Hotel Khang Ri,Nan,Nan,0,
OYO 622 Hotel Khotang,Nan,Nan,0,
Swornim Boutique Hotel Kathmandu Pvt. Ltd.,Nan,Nan,0,
New Hotel Atithi,Nan,Nan,0,
Nepal Travelers Home,Nan,Nan,0,Free Wifi Free parking 
OYO 150 Hotel Himalyan Height,Nan,Nan,0,Free Wifi Free parking 
Hotel Nova And Restaurant,Nan,Nan,0,
OYO 297 Hotel Aayam,Nan,Nan,0,Restaurant 
OYO 689 Sakura Hotel And Restaurant,Nan,Nan,0,
OYO 589 Hotel Trimurti,Nan,Nan,0,
OYO 675 Hotel Shree Yantra,Nan,Nan,0,
SPOT ON 678 Hotel Sudip Gulf,Nan,Nan,0,
Hotel De Long Stairs,Nan,Nan,0,
Hotel Nepal Holiday,Nan,Nan,0,
Heritage hotel,Nan,Nan,0,
Hotel Green Planet,Nan,Nan,0,
OYO 626 Hotel Himchuli,Nan,Nan,0,
SPOT ON 455 Rudra Guesthouse,Nan,Nan,0,Bar/Lounge 
OYO 222 Hotel New Himalayan,Nan,Nan,0,Restaurant 
Mount Gurkha Palace,Nan,Nan,0,Free Wifi Restaurant 
OYO 195 Global Hotel And Resort,Nan,Nan,0,Free Wifi Free parking 
OYO 139 Hotel Sujata Inn,Nan,Nan,0,Free Wifi Restaurant 
Hyatt Place Kathmandu,Nan,Nan,0,
SPOT ON 708 Shivam Guest House,Nan,Nan,0,
OYO 693 Pashupati Hotel,Nan,Nan,0,
Kathmandu Villas & Bar,Nan,Nan,0,
Laughing Buddha Home,Nan,Nan,0,
OYO 587 Hotel Tradition Inn,Nan,Nan,0,
SPOT ON 694 Mandala Suites,Nan,Nan,0,
OYO 737 Hotel New Sea Paradise,Nan,Nan,0,
Noor Guest House,Nan,Nan,0,
OYO 776 Hotel R Valley View & Family Restaurant,Nan,Nan,0,
OYO 776 Hotel R Valley View & Family,Nan,Nan,0,
Ganesh Himal Trekking and Tours,Nan,Nan,0,
The President,Nan,Nan,0,
Kathmandu Heritage Home by Casa Deyra,Nan,Nan,0,
Kathmandu Boutique Cottage,Nan,Nan,0,
OYO 785 Hotel Moon And Restaurant,Nan,Nan,0,
The Everest Hotel Kathmandu,Nan,Nan,0,
OYO 628 Oriental Paradise,Nan,Nan,0,
SPOT ON 407 Hotel Old Durbar,Nan,Nan,0,Bar/Lounge 
Hotel KC inn,Nan,Nan,0,
SPOT ON 577 Hotel Green Park,Nan,Nan,0,
New Hotel Lucky Star,Nan,Nan,0,
OYO 734 Hotel Mount Kailash,Nan,Nan,0,
Everland Kathmandu Hotel,Nan,Nan,0,
Hotel Times Pvt. Ltd.,Nan,Nan,0,
Mandala Hotel Pvt Ltd,Nan,Nan,0,Free Wifi Free parking 
OYO 769 New Victoria Hotel,Nan,Nan,0,
OYO 552 Hotel President,Nan,Nan,0,
Hotel Four Eyes,Nan,Nan,0,
Somewhere Hotel,Nan,Nan,0,
OYO 747 Hotel Marinha,Nan,Nan,0,
Hotel Himalayan Oasis N' Apartment,Nan,Nan,0,
New Hotel Panda,Nan,Nan,0,
Hotel Sunway Inn,Nan,Nan,0,
Karnali Home,Nan,Nan,0,
OYO 639 Hotel Rajasthan,Nan,Nan,0,
Hotel Temple Inn,Nan,Nan,0,
Hotel Indreni Himalaya,Nan,Nan,0,
Shraddha Palace,Nan,Nan,0,
Hotel C. O International,Nan,Nan,0,
Peace Kathmandu Hotel,Nan,Nan,0,
Temple Tiger Apartment,Nan,Nan,0,Bar/Lounge 
SPOT ON 572 Hotel Get Together,Nan,Nan,0,
Hotel Manisankar,Nan,Nan,0,Free Wifi Free parking 
Mandala Heritage Inn,Nan,Nan,0,Free Wifi Free parking 
Hotel Nepal Tara,Nan,Nan,0,
Satkar Hotel & Spa,5,"NPR 5,102",45,Free Wifi Free parking 
Sangeet Home,Nan,Nan,0,
Hotel Grande,Nan,Nan,0,
Meraki Holistic Wellness Retreat,Nan,Nan,0,
Hotel Times Pvt. Ltd.,Nan,Nan,0,
Hotel Paradise Valley View,Nan,Nan,0,
Hotel Anjana,Nan,Nan,0,
Swayambhu Hotels Apartments - Ramkot,Nan,Nan,0,
Hotel Times,Nan,Nan,0,
OYO735 Dream Dine Inn,Nan,Nan,0,
SPOT ON 641 Hotel Bidhya Pvt Ltd,Nan,Nan,0,
OYO 158 Hotel Premium,Nan,Nan,0,
Delta Guest House,Nan,Nan,0,
Hotel Mudita,Nan,Nan,0,
SPOT ON 633 Hotel Surya International,Nan,Nan,0,
Allied Hotel,Nan,Nan,0,
OYO 720 Lekali Homes And Restaurant,Nan,Nan,0,
SPOT ON 719 Samman Hotel And Lodge,Nan,Nan,0,
JIUDING hotyel,Nan,Nan,0,
Chhahari Retreat,Nan,Nan,0,
Subhadra Palace Best Price Hotel Stay Gaushala Kathmandu,Nan,Nan,0,
OYO 658 Hotel Malaya,Nan,Nan,0,
Nirvana Garden Hotel,Nan,Nan,0,
OYO 349 Paschim Nepal Guest House,Nan,Nan,0,Restaurant 
Hotel Impala Garden,Nan,Nan,0,
OYO 786 Hotel Shree Guru Annex,Nan,Nan,0,
Hotel Green Plum,Nan,Nan,0,
Hotel Bihani,Nan,Nan,0,
Hotel Peace Golden,Nan,Nan,0,
New Tribeni Guest House,Nan,Nan,0,
Mount Annapurna Guest House,Nan,Nan,0,
Hotel Gurkha Pvt. Ltd,Nan,Nan,0,
Hotel Khotang,Nan,Nan,0,
OYO 707 Hotel Lemon Treeoy,Nan,Nan,0,
Lost Garden Annex,Nan,Nan,0,
Hotel Golden Eye,Nan,Nan,0,
Hotel Tayoma,Nan,Nan,0,
SPOT ON 383 Hotel Himalayan Ashoka,Nan,Nan,0,Free parking Restaurant 
OYO 390 Hotel Kailash,Nan,Nan,0,Free parking 
Oyo 238 Mustang Thakali Kitchen And Guest House,Nan,Nan,0,
Reefer Boutique Homes,Nan,Nan,0,
OYO 469 Hotel B.n.b,Nan,Nan,0,
OYO 580 Hotel Green Chilli,Nan,Nan,0,
Meraki,Nan,Nan,0,
Hotel Pema And Stupa View Restaurant,Nan,Nan,0,
Heritage hotel,Nan,Nan,0,
OYO 400 Palagya Hotel Pvt Ltd,Nan,Nan,0,Free parking Restaurant 
SPOT ON 398 Hotel Maansarobhar,Nan,Nan,0,Free parking Restaurant 
SPOT ON 396 Hotel Satyam And Guest House,Nan,Nan,0,
SPOT ON 402 Hotel S P P,Nan,Nan,0,Free parking Restaurant 
Hotel Stupa,Nan,Nan,0,
Happy hotel,Nan,Nan,0,
SPOT ON 402 Hotel S P P Pvt Ltd,Nan,Nan,0,
Hotel Nepa International,Nan,Nan,0,
Hotel August Mountain,Nan,Nan,0,
Hotel Meghdoot,Nan,Nan,0,
Hotel Mandala,Nan,Nan,0,Restaurant 
Durbar Hotel & Residence,Nan,Nan,0,
Magnificent Hotel,Nan,Nan,0,
Hotel Crossroads,Nan,Nan,0,
OYO 419 Hotel Crossroads,Nan,Nan,0,
Ausfinn-Hotel Metro Inn,Nan,Nan,0,
Hotel Aquamarine,Nan,Nan,0,
OYO 635 Hotel Layata,Nan,Nan,0,
OYO 759 Odaan Group Of Company,Nan,Nan,0,
Nepal Ayurveda Home,Nan,Nan,0,
OYO 591 Hotel Blue Moon,Nan,Nan,0,
Mustang Thakali Kitchen And Guest House,Nan,Nan,0,Restaurant Bar/Lounge 
Hotel View,Nan,Nan,0,
OYO 296 Subine Guest Inn,Nan,Nan,0,
OYO 656 Hotel Shree Guru,Nan,Nan,0,
OYO 608 Hotel Aradhya Palace,Nan,Nan,0,
OYO 341 Hotel Kusum Kohinoore,Nan,Nan,0,Bar/Lounge 
OYO 294 Hotel Vipassana Inn,Nan,Nan,0,Free parking Restaurant 
Kathmandu Fawlty Home,Nan,Nan,0,
OYO 676 Hotel Maalaxmi Inn,Nan,Nan,0,
Hotel Goodmorning Nepal,Nan,Nan,0,
Hotel R Valley View,Nan,Nan,0,
Hotel Srikhanda,Nan,Nan,0,
Helambu Recreational Guest House,Nan,Nan,0,
Ritu Mouria Hotel Thamel,Nan,Nan,0,
Resort Bhandarkhal,Nan,Nan,0,Free Wifi Free parking 
Hotel BNB,Nan,Nan,0,
Noryang Inn,Nan,Nan,0,
OYO 670 Hotel Bagdurbar,Nan,Nan,0,
SPOT ON 397 Hotel Triveni Guest House,Nan,Nan,0,Restaurant Bar/Lounge 
SPOT ON 487 Hotel Lyco Nepal,Nan,Nan,0,Free parking Restaurant 
Retreat Serviced Apartments,Nan,Nan,0,
Nargan Hotel & Apartment,Nan,Nan,0,
OYO 756 The President,Nan,Nan,0,
Oyo 194 Hotel Gauri,Nan,Nan,0,
SPOT ON 497 Hotel Potala,Nan,Nan,0,Restaurant Bar/Lounge 
SPOT ON 571 Hotel Ashim,Nan,Nan,0,Free parking Restaurant 
SPOT ON 452 Pashupati Guest House,Nan,Nan,0,Free parking Restaurant 
Mountain Wall Hotel,Nan,Nan,0,Restaurant Bar/Lounge 
SPOT ON 516 Rapti Chandrama,Nan,Nan,0,
SPOT ON 428 Hotel President,Nan,Nan,0,Free parking Restaurant 
SPOT ON 422 Miracle Wonder Hotel,Nan,Nan,0,
SPOT ON 625 Hotel Melungtse,Nan,Nan,0,
SPOT ON 515 Naukrinepal Hotel,Nan,Nan,0,Free parking Restaurant 
OYO 149 Kalpa Brikshya Hotel,Nan,Nan,0,Free Wifi Free parking 
OYO 394 Nhu Rajdhani Guest House,Nan,Nan,0,Restaurant Bar/Lounge 
OYO 145 Sirahali Khusbu Hotel &Lodge,Nan,Nan,0,Free Wifi Free parking 
OYO 243 Saypatri Guest House,Nan,Nan,0,Free parking Restaurant 
OYO 144 Hotel Zhonghau,Nan,Nan,0,Free Wifi Restaurant 
Palette - Hotel Tapas,Nan,Nan,0,
OYO 207 Hotel Cirrus,Nan,Nan,0,Free parking Restaurant 
Hotel Tanahun Vyas,Nan,Nan,0,Free parking Restaurant 
SPOT ON 376 Hotel Hazel,Nan,Nan,0,Free parking Restaurant 
OYO 272 Namaste Kusum Guest House,Nan,Nan,0,Free parking Restaurant 
Bluestar Hotel,Nan,Nan,0,
OYO 232 Hotel Titanic Pvt Ltd,Nan,Nan,0,Free parking Restaurant 
OYO 237 Hotel S Galaxy,Nan,Nan,0,Free parking Restaurant 
OYO 370 Hotel Devdaha & Restaurant,Nan,Nan,0,
OYO 303 Hotel Luxury,Nan,Nan,0,Free parking Restaurant 
OYO 251 Siddhi Binayak Guest House,Nan,Nan,0,Free parking 
United Business Hotel,Nan,Nan,0,
Hotel Yukhang,Nan,Nan,0,
OYO 506 Al Madina Palace,Nan,Nan,0,
Mystic Inn Bed and Breakfast,Nan,Nan,0,Restaurant Bar/Lounge 
Oyo 318 Hotel Pancha Buddha,Nan,Nan,0,Free parking Restaurant 
OYO 288 Yangrima Hill City Hotel,Nan,Nan,0,Free parking Restaurant 
SPOT ON 290 Hotel Sona,Nan,Nan,0,Free parking Restaurant 
OYO 266 Hotel Grand Stupa,Nan,Nan,0,Free parking 
Hotel Ananda,Nan,Nan,0,
OYO 749 Syangja Setidobhan Guest House,Nan,Nan,0,
Hotel Deva's Home,Nan,Nan,0,
Hyatt Place Kathmandu,Nan,Nan,0,
OYO 171 Hotel Fewa Darshan,Nan,Nan,0,Free Wifi Restaurant 
Tings Lounge Hotel,5,Nan,295,Free Wifi Restaurant 
WanderThirst Hostels,4.5,Nan,203,Free Wifi Free parking 
Hotel Bright Star,4.5,Nan,126,Free Wifi 
Dormitory Nepal,5,Nan,93,Free Wifi Bar/Lounge 
Swayambhu View Guest House,5,Nan,95,Free Wifi Free parking 
Alobar1000 Hostel,4.5,Nan,297,Free Wifi Restaurant 
Fireflies Hostel,4.5,Nan,146,Free Wifi Restaurant 
Hotel Eastiny Inn,Nan,Nan,0,
Hotel Abhishek Palace,Nan,Nan,0,
Nepal Hotel and Apartments,Nan,Nan,0,
Chandra Ban Retreat,5,Nan,176,Free Wifi Free parking 
Famous House Kathmandu,5,Nan,274,Free Wifi Restaurant 
Tibet Peace Inn,5,Nan,439,Free Wifi 
Pilgrims Guest House,4.5,Nan,544,Free Wifi Restaurant 
The Sparkling Turtle Backpackers Hostel,4.5,Nan,288,Free Wifi Restaurant 
8848 Hostel,5,Nan,94,Free Wifi Restaurant 
Hotel Travelers Home,4.5,Nan,210,Free Wifi Spa 
Hotel Peace N Park,4.5,Nan,171,Free Wifi Room service 
At Home Nepal Guest House,5,Nan,98,Free Wifi Bar/Lounge 
Hotel Hikers Haven,5,Nan,50,Free Wifi Free parking 
Karma Travellers Home,4.5,Nan,272,Free Wifi Free parking 
OYO 159 Highlander Inn,4.5,Nan,107,Free Wifi Restaurant 
Dondrub Guest House,5,Nan,54,Free Wifi Free parking 
New Hotel Panda,4.5,Nan,182,Free Wifi Free parking 
The Happily Ever After Hostel,4.5,Nan,237,Free Wifi 
OYO 155 Sankata Hotel & Apartment,5,Nan,90,Free Wifi Free parking 
Hotel Green Orchid,4.5,Nan,186,Free Wifi 
Kathmandu Garden House,4.5,Nan,87,Free Wifi Restaurant 
Hotel Himalayan Traveller's Inn,4.5,Nan,128,Free Wifi Free parking 
Epiphany Guest House,5,Nan,40,Free Wifi Free parking 
Olive Garden Boutique Hotel,5,Nan,35,Free Wifi Free parking 
Hostel ONE96,5,Nan,63,Free Wifi Restaurant 
Sanctuary Lodge,4.5,Nan,50,Free parking Restaurant 
Tranquil Homestay,5,Nan,42,Free Wifi Free parking 
Himanshu Homestay,5,Nan,38,Free parking Room service 
Paradise Guest House,4.5,Nan,66,Free Wifi Free parking 
Himalayan Yoga Resort,4.5,Nan,92,Free Wifi Free parking 
Daddy's Tourist Hostel,5,Nan,21,Free Wifi Restaurant 
Acme Guest House,4,Nan,187,Free Wifi Free parking 
Festoon Hotel,4.5,Nan,221,Free Wifi Restaurant 
Asmita Bed & Breakfast,4.5,Nan,159,Free Wifi Restaurant 
Hotel Bravo,5,Nan,47,Free Wifi Free parking 
Hotel Giramondo,5,Nan,39,Free Wifi Restaurant 
Rama Inn Boutique Home,4,Nan,100,Free Wifi Restaurant 
The Doors Hotel Restro & Bar,5,Nan,51,Free Wifi Restaurant 
Bodhi Boutique Hotel,5,Nan,32,Free Wifi Restaurant 
The Glasshouse Hotel,5,Nan,31,Free Wifi Restaurant 
Travellers Dorm Bed & Breakfast,5,Nan,66,Free Wifi Free parking 
Nepal Himalayas Hotel,5,Nan,26,Free Wifi Free parking 
ViaVia Boutique Hotel - Kathmandu,5,Nan,22,Free Wifi Free parking 
Annapurna Guest House,4,Nan,156,Free Wifi Restaurant 
Hostel Himalaya,4.5,Nan,38,Free Wifi Free parking 
Kumari Homestay,5,Nan,25,Free Wifi Free parking 
Kathmandu Peace Guest House,4,Nan,130,Free Wifi Restaurant 
Secret Garden Guest House,4.5,Nan,47,Free Wifi Free parking 
Kasthamandap Traveller's Home,5,Nan,73,Free Wifi Free parking 
Aster Hotel Nepal,5,Nan,32,Free Wifi Restaurant 
Kathmandu View Hotel,5,Nan,30,Free Wifi Restaurant 
Ti-se Guest House,4.5,Nan,51,Free Wifi Restaurant 
The Little House in the Ricefields,5,Nan,35,Free Wifi Free parking 
Yeti Guest Home,4.5,Nan,65,Free Wifi Room service 
Maya Guest House,4.5,Nan,34,Free Wifi Restaurant 
Trekkers Holiday Inn,4.5,Nan,47,Restaurant Free Internet 
Raniban Homestay,5,Nan,27,Free Wifi Restaurant 
Siesta Guest House,4.5,Nan,121,Free Wifi Free parking 
Hotel Potala,4,Nan,172,Free Wifi Restaurant 
Anita's Home Stay,5,Nan,47,Free Wifi Free parking 
Mitra Bed & Breakfast,4.5,Nan,50,Free Wifi Free parking 
Laxmi's Bed and Breakfast,5,Nan,27,Free Wifi Free parking 
Hotel Devachan,4.5,Nan,31,Free Wifi Free parking 
Neydo Hotel,4.5,Nan,34,Free Wifi Free parking 
Shanti Yoga Ashram,5,Nan,24,Free Wifi Fitness center 
Souvenir Guest House & Restaurant,4.5,Nan,42,Free Wifi Room service 
Mount Fuji Home,5,Nan,29,Free Wifi Free parking 
Dwarika's Chhen,4.5,Nan,30,Free Wifi Restaurant 
Hotel Himalaya Yoga,4.5,Nan,92,Free Wifi Free parking 
Nepal Apartment & Hotel,5,Nan,63,Free Wifi Free parking 
Avalon House,4.5,Nan,129,Free Wifi 
Hotel Backpackers INN,4.5,Nan,59,Free Wifi Restaurant 
Nirvana Peace Home,4.5,Nan,88,Free parking 
Metro Eco Hotel,4.5,Nan,62,Restaurant Room service 
Shiraj B&B,5,Nan,14,Restaurant Bar/Lounge 
Feel Like Home Nepal,5,"NPR 8,280",11,Free Wifi Restaurant 
Mitra Bed & Breakfast,4.5,Nan,50,Free Wifi Free parking 
Laxmi's Bed and Breakfast,5,Nan,27,Free Wifi Free parking 
Hotel Devachan,4.5,Nan,31,Free Wifi Free parking 
Neydo Hotel,4.5,Nan,34,Free Wifi Free parking 
Shanti Yoga Ashram,5,Nan,24,Free Wifi Fitness center 
Souvenir Guest House & Restaurant,4.5,Nan,42,Free Wifi Room service 
Mount Fuji Home,5,Nan,29,Free Wifi Free parking 
Dwarika's Chhen,4.5,Nan,30,Free Wifi Restaurant 
Manaslu Homestay,5,Nan,15,Free Wifi Free parking 
Palagya Hotel,4.5,Nan,72,Free Wifi Free parking 
Chhahari,5,Nan,20,Free Wifi Free parking 
Un Dia Blanco Eco Inn,4.5,Nan,28,Free Wifi Free parking 
Green Hotel,4.5,Nan,48,Free Wifi Free parking 
Poshtel 111,5,Nan,13,Free Wifi 
Shree Lal Inn,4.5,Nan,61,Free Wifi Restaurant 
Nayabazar Family Homestay,4.5,Nan,18,Free parking Free Internet 
Lotus Guest House,4,Nan,36,Free Wifi 
Shechen Guest House,4,Nan,85,Restaurant Free Internet 
Kathmandu Homestay and Hostel,4.5,Nan,19,Free Wifi Free parking 
Shivapuri Retreat,5,Nan,18,Free Wifi Restaurant 
Hostel Travellers Hub,5,Nan,15,Free Wifi Free parking 
Happiness Guesthouse,4.5,Nan,23,Free Wifi Restaurant 
Ananda Yoga Center,4.5,Nan,30,Free Internet 
Kathmandu Garden House,4.5,Nan,17,Free Wifi Restaurant 
Hotel Red Planet,4.5,Nan,57,Free Wifi Room service 
Shiraj B&B,5,Nan,14,Restaurant Bar/Lounge 
Pataleban Vineyard Resort,4,Nan,61,Free Wifi Free parking 
Kirtipur Hillside Hotel & Resort,4.5,Nan,35,Free Wifi Restaurant 
Hotel Dhargye Khangsar,5,Nan,25,Free Wifi Free parking 
Friendship Home Stay,5,Nan,38,Free Wifi Free parking 
Shechen Guest House,4,Nan,85,Restaurant Free Internet 
Kathmandu Homestay and Hostel,4.5,Nan,19,Free Wifi Free parking 
Shivapuri Retreat,5,Nan,18,Free Wifi Restaurant 
Hostel Travellers Hub,5,Nan,15,Free Wifi Free parking 
Happiness Guesthouse,4.5,Nan,23,Free Wifi Restaurant 
Ananda Yoga Center,4.5,Nan,30,Free Internet 
Kathmandu Garden House,4.5,Nan,17,Free Wifi Restaurant 
Hotel Red Planet,4.5,Nan,57,Free Wifi Room service 
Dreamland Eco Hostel,5,Nan,12,Free Wifi Pool 
Osho Tapoban,4.5,Nan,22,Restaurant 
Golden Buddha Hostel,4.5,Nan,14,Free Wifi Free parking 
Magic Nepal Home Stay,5,Nan,20,Free Wifi 
The Yellow House,4,Nan,50,Restaurant 
Monkey Temple Backpackers Hostel,4,Nan,41,Free Wifi Free parking 
Bodhi Inn,4.5,Nan,35,Free Wifi 
Yeti Inn,4.5,Nan,14,Free Wifi Room service 
Sadhana Bhumi Himalaya For Life Research,4.5,Nan,32,Restaurant 
Little Buddha Homestay and Appartment,5,Nan,9,Free Wifi Free parking 
Hotel Wanderlust,4.5,Nan,22,Free Wifi Restaurant 
Mahabuddha Guest House,4,Nan,17,
9 Rooms,4.5,Nan,19,Free Wifi 
"The Hub, Lazimpat",4.5,Nan,26,Free Wifi Free parking 
Budhanil Guest House,5,Nan,15,Free Wifi Free parking 
Hotel Dhargye Khangsar,5,Nan,25,Free Wifi Free parking 
Vista City Hostel,5,Nan,8,Free Wifi Free parking 
Shine Homestay Famille Francophone,5,Nan,9,
Hotel Premium,4,Nan,37,Free Wifi Free parking 
OYO 174 Shiva Shankar Hotel,4.5,Nan,28,Free Wifi Free parking 
Sunrise Apartment,5,Nan,9,Free Wifi Free parking 
Hotel Nandini,4,Nan,15,Free Wifi Free parking 
Yeti Inn,4.5,Nan,14,Free Wifi Room service 
Sadhana Bhumi Himalaya For Life Research,4.5,Nan,32,Restaurant 
Little Buddha Homestay and Appartment,5,Nan,9,Free Wifi Free parking 
Hotel Wanderlust,4.5,Nan,22,Free Wifi Restaurant 
Mahabuddha Guest House,4,Nan,17,
9 Rooms,4.5,Nan,19,Free Wifi 
"The Hub, Lazimpat",4.5,Nan,26,Free Wifi Free parking 
Budhanil Guest House,5,Nan,15,Free Wifi Free parking 
Country Paradise Resort,5,Nan,46,Free Wifi Free parking 
Hotel Planet Nepal,5,Nan,9,Restaurant Bar/Lounge 
Kathmandu Tourist Home,4.5,Nan,42,Free Wifi Restaurant 
Drala Valley Resort,4,Nan,10,Free Wifi Free parking 
The Old Town Hostel,5,Nan,6,Free Wifi 
Benchen Vihar Guesthouse,4.5,Nan,19,Restaurant Free Internet 
Koshi Camp Pvt. Ltd,4.5,Nan,10,
Chamati Boutique Homestay,5,Nan,5,Free Wifi Free parking 
Hotel Sabrina,5,Nan,5,Free Wifi Free parking 
Kaveri Inn,4,Nan,9,Free Wifi Free parking 
Bairoling Guesthouse,5,Nan,9,
Pema Guest House,4.5,Nan,7,
Hotel Kathmandu Terrace,4,Nan,46,Free Wifi Restaurant 
Garden Home Bed & Breakfast,5,Nan,5,Free Wifi Free parking 
Hotel Sugat,4,Nan,20,Free Wifi Restaurant 
Sunkoshi Adventure Retreat,4.5,Nan,12,Free Wifi Free parking 
Sunrise Apartment,5,Nan,9,Free Wifi Free parking 
Hotel Nandini,4,Nan,15,Free Wifi Free parking 
Imperial Guest House,4,Nan,23,Free Wifi Room service 
Hotel Tapas,5,Nan,6,Free Wifi Free parking 
Mitra Garden Inn,4,Nan,33,Free Wifi Free parking 
OYO 168 Divine Guest House,5,Nan,5,Free Wifi Free parking 
Kaveri Inn,4,Nan,9,Free Wifi Free parking 
Bairoling Guesthouse,5,Nan,9,
Pema Guest House,4.5,Nan,7,
Hotel Kathmandu Terrace,4,Nan,46,Free Wifi Restaurant 
Garden Home Bed & Breakfast,5,Nan,5,Free Wifi Free parking 
Hotel Sugat,4,Nan,20,Free Wifi Restaurant 
Sunkoshi Adventure Retreat,4.5,Nan,12,Free Wifi Free parking 
OYO 356 Allied Hotel,4.5,Nan,12,Free Wifi Free parking 
OYO 200 Tibet Peace Guest House,3.5,Nan,68,Free Wifi Restaurant 
Nepal Bed and Breakfast,4.5,Nan,14,
OYO 231 Hotel Magnificent View,3.5,Nan,23,Free Wifi Free parking 
Sri Aurobindo Yoga Mandir,5,Nan,6,Restaurant Free Internet 
RazzMatazz Guest House,4.5,Nan,21,Free Wifi Free parking 
Hotel Bihani,4,Nan,9,Free Wifi Restaurant 
Friendship Hostel,4,Nan,21,Free Wifi Room service 
Anushka's Friendly Homestay,5,Nan,5,Free parking Restaurant 
Dragon Guest House,4,Nan,18,Free Wifi Restaurant 
Hotel Bhagwati Inn,4.5,Nan,8,Free Wifi Free parking 
Roshani Guest House & Restaurant,5,Nan,4,Free Wifi Free parking 
Lazimpat House BNB,5,Nan,5,
Kantipur Heritage Home Stay,4,Nan,13,Bar/Lounge 
Annapurna Lodge,4.5,Nan,19,Free Wifi Restaurant 
Dil's Homestay,5,Nan,8,
Lazimpat Apartment,5,Nan,4,Free Wifi Free parking 
Garden Home Bed & Breakfast,5,Nan,3,Free Wifi Free parking 
Little Nepal Inn,4,Nan,9,Restaurant 
Lhasa Guest House,4.5,Nan,10,
OYO 168 Divine Guest House,5,Nan,5,Free Wifi Free parking 
Hotel Lapha,5,Nan,5,Free Wifi Free parking 
Famous Traveller's Hub,5,Nan,3,
Dil's Homestay,5,Nan,8,
Lazimpat Apartment,5,Nan,4,Free Wifi Free parking 
Garden Home Bed & Breakfast,5,Nan,3,Free Wifi Free parking 
Little Nepal Inn,4,Nan,9,Restaurant 
Lhasa Guest House,4.5,Nan,10,
Joy Source Mountain Resort,5,Nan,4,Restaurant Room service 
New Annapurna Hotel,5,Nan,4,Free Wifi Free parking 
Haatiban Resort,5,Nan,3,
Swagat Home Stay,5,Nan,3,
Azizz Restaurant & Rooms,5,Nan,4,Free Wifi Free parking 
Firante Inn,5,Nan,3,Free Wifi Restaurant 
Villa Incognito Bed and Breakfast,5,Nan,6,Free Wifi 
Sukhavati Hotel & Spa,5,Nan,4,Free Wifi Free parking 
OYO 375 Chef House Resort,5,Nan,9,Free Wifi Free parking 
Hotel Kathmandu Garden Pvt.Ltd,5,Nan,8,Free Wifi Free parking 
Bouddha Hotel,5,Nan,3,Free Wifi Restaurant 
Student Guest House,4,Nan,10,
Tharlam Guest House,4,Nan,14,
Hotel Sweet Dreams,3.5,Nan,21,Free Wifi Free parking 
Sun Rise Cottage,3.5,Nan,13,
Phat Kath's Secret Garden Backpackers Hostel,5,Nan,3,Free Wifi Free parking 
Nepali Natural Home,5,Nan,3,Free Wifi Restaurant 
Api-Saipal Homestay,5,Nan,3,Free Wifi Free parking 
Pal Rabten Khangsar (P.R.K.) Guest House,4,Nan,6,
Laughing Buddha Home,5,Nan,4,
Hotel Ground Apple,5,Nan,2,Free Wifi Free parking 
The Kitchen Travels Home,5,Nan,2,Free Wifi Restaurant 
Hotel Pokhara Palace,5,Nan,3,Room service 
Famous Traveller's Hub,5,Nan,3,
Boudha Inn and Meditation Center,4,Nan,13,
Hotel Maroon,4,Nan,6,Free Wifi Free parking 
Over Easy,4,Nan,5,
Nepal Mayur House Pvt Ltd,4.5,Nan,5,
Sukeyasu Hotel,4.5,Nan,4,Free Wifi Restaurant 
Karma Homestay,4.5,Nan,3,Free Wifi Free parking 
Boudha Studios,4.5,Nan,3,
Hotel Dolphin Nepal,4,Nan,7,Free Wifi Free parking 
Trekkers Heritage Inn,5,Nan,2,Free Wifi Free parking 
Da Kathmandu Inn,4.5,Nan,3,Free Wifi Free parking 
SPOT ON 662 Hotel Ngudrup,3.5,Nan,10,Free Wifi Free parking 
Namsey Hotel,4,Nan,6,
New Dungkar Guest House,3.5,Nan,14,Free Wifi Free parking 
Bishwonath Hotel,5,Nan,2,Free Wifi Free parking 
A1 Homestay,4.5,Nan,2,
Kathmandu Hi Thamel Hostel,3.5,Nan,27,Free Internet 
Shree Anandapur Homestay,5,Nan,3,Free Wifi Free parking 
Himalaya's Guest House,3.5,Nan,13,
OYO 11459 Osho Holiday Inn,3.5,Nan,35,Free Wifi Room service 
Himalayan Guest House,4.5,Nan,3,Free Wifi Free parking 
Hostel Himalayan Double Decker,5,Nan,2,Free Wifi 
Bethel Guesthouse,4,Nan,5,
Delight Hotel,4,Nan,4,Restaurant 
Hotel Depche,4.5,Nan,4,
Daami,5,Nan,2,
Ananya Apartments,5,Nan,2,Free Wifi 
Micasa Apartment,5,Nan,2,
Hotel Lekali Homes,5,Nan,2,Free parking Restaurant 
1905 Suites Restaurant,4.5,Nan,3,
The Terrace,4,Nan,5,Free Wifi Free parking 
Fujia Guest House,4.5,Nan,2,Free Wifi Room service 
Hotel Lai Lai,3.5,Nan,59,Free Wifi Free parking 
Nepalaya Homestay & Apartment,5,Nan,1,Free Wifi Free parking 
Urban Apartments and Rooms,5,Nan,1,
Mums Homestay,4.5,Nan,7,Free Wifi Free parking 
Charvi's Home,5,Nan,3,Free Wifi Free parking 
Hotel Family Ties,5,Nan,1,Free Wifi Free parking 
Temple Tiger Thamel Apartment,4,Nan,4,
Crystal Earth Guesthouse,5,Nan,2,
The Abode,5,Nan,2,
Yellow Inn,4.5,Nan,3,Free Wifi Restaurant 
Monumental Paradise Guesthouse,3.5,Nan,29,Restaurant Room service 
Homestay in Kathmandu,5,Nan,7,Free Wifi Free parking 
Imperial Hotel,4,Nan,2,Room service 
Thamel Hub,5,Nan,1,Free Wifi Restaurant 
Rightway Hotel,4,Nan,3,
Hotel Poon Hill,4.5,Nan,2,
Himchuli Guest House,5,Nan,1,Restaurant Room service 
Osho Divine Home Stay,5,Nan,1,
Stupa View Lodge Kathmandu,4,Nan,4,
Baba Guest House,5,Nan,1,
Trekkers Heritage Inn,5,Nan,1,Restaurant Room service 
Hotel Avocado Garden,5,Nan,1,Free Wifi Free parking 
Himalayan Dream Apartment Hotel,4.5,Nan,2,Free Wifi Free parking 
Timila Homestay,5,Nan,1,
Ananda Tree House,5,Nan,1,
Peace Guest House - Sundhara,5,Nan,1,Room service 
Jasmine Apartment Hotel,5,Nan,2,Free Wifi Free parking 
Serling Hotel,5,Nan,1,Restaurant 
Green Mandala Inn,4,Nan,4,Free Wifi Free parking 
Red Planet Guest House,3,Nan,55,Free Wifi Free parking 
Pension Vasana Hotel,3.5,Nan,5,Free Wifi Free parking 
Miraval Suites,5,Nan,1,
Nepal Hotel and Apartment,5,Nan,1,Free Wifi Free parking 
Travellers Hostel,5,Nan,1,
Le Nid de Kathmandu,5,Nan,2,Restaurant 
Siddhartha Garden Ayurveda Bed and Breakfast,4.5,Nan,2,Free Wifi Restaurant 
Everest Inn Pheriche,5,Nan,1,Restaurant Bar/Lounge 
Ashim Guest House,5,Nan,1,Free Wifi Free parking 
Hotel Oriental Inn,5,Nan,1,Room service 
Hotel Aangan,5,Nan,1,Restaurant Room service 
White House Apartment & Hostel,5,Nan,1,Free Wifi Free parking 
Hotel Ocean,4,Nan,2,Restaurant Room service 
Kamal Niwas,4.5,Nan,2,
Himalayan Home Stay,5,Nan,1,Free Wifi Room service 
Swayambhu Peace Zone Hotel,3.5,Nan,11,Free Wifi Free parking 
Outlook Inn,4.5,Nan,15,Free parking Restaurant 
Budget Home Stay in Nepal,5,Nan,1,Free Wifi Free parking 
Chobhar 'Le Village' Resort,4,Nan,5,
Sukute Beach,3.5,Nan,7,
Hotel Tej,5,Nan,1,Free Wifi Free parking 
Langsisha Guest House P. Ltd,3.5,Nan,29,Free Wifi Free parking 
Hotel Asian,4,Nan,2,Room service 
Boudha Homestay,5,Nan,1,
Nippon Guest House,4,Nan,4,
EATs by kiki,5,Nan,1,Free Wifi Restaurant 
Hotel Kaski Ghandruk,5,Nan,1,Room service 
Ti-se Hotel,4,Nan,1,
Yak Hotel & Lodge,5,Nan,1,
Thamel Base Camp,5,Nan,1,
Lama Lodge,4,Nan,1,
Samaritan House Nepal,4,Nan,1,Free Wifi Free parking 
Family Homestay,4,Nan,2,
Prakriti home,4,Nan,1,Free Wifi 
OYO 426 Hotel Yunik,4,Nan,1,Restaurant Bar/Lounge 
Dungkar Guest House,4,Nan,1,Free Wifi Bar/Lounge 
Summit Holiday Home,4,Nan,2,Restaurant 
The North Face Resort,4,Nan,1,
Hotel New Gajur,4,Nan,2,Restaurant 
Sangrila Apartment,5,Nan,1,Free Wifi Room service 
Chaitya Chhen/Stupa House,4,Nan,1,Free Wifi Free parking 
Mountains Home,5,Nan,1,Free Wifi Free parking 
Hotel Himalayan Spire,3.5,Nan,2,Restaurant Room service 
Home Guest House,4,Nan,1,Free Wifi Free parking 
Family Guest House,4.5,Nan,2,Restaurant Room service 
Kailash Guest House,3.5,Nan,3,Free Wifi Restaurant 
Hotel Wonderland The Trekker's Inn,3.5,Nan,4,Free Wifi Restaurant 
Basecamp International Hostel,4,Nan,1,Free Wifi Free parking 
Hotel Orchid,3.5,Nan,2,
Mount View Hotel,4,Nan,1,Free Wifi Restaurant 
Hotel Kathmandu Garden,4,Nan,1,
Internationales Freundschaftshaus,5,Nan,1,
Hotel Radiant,4,Nan,1,Room service 
Gandaki Lumbini Guest House,4,Nan,1,Room service 
Hotel Namche Nepal,3,Nan,4,Free Wifi Restaurant 
Peak Mountain Guest House,3.5,Nan,4,
Hotel Tree House,2.5,Nan,3,Free Wifi Restaurant 
Khumbila Hotel,3.5,Nan,2,Free Wifi Free parking 
Hotel Boudha Chorten,2.5,Nan,7,Free Wifi Restaurant 
Janakpur Guest House,3,Nan,3,Free Wifi Free parking 
Lai Lai Holiday Inn,3,Nan,5,Free Wifi Restaurant 
Namaste Apartment,4.5,Nan,16,Free Wifi Free parking 
Nepal Youth Hostel,3.5,Nan,3,
Monkey Temple Guest House,3,Nan,2,Free Wifi Free parking 
SPOT ON 169 Hotel Cosmic,3.5,Nan,18,Restaurant Room service 
Newar Villa,3,Nan,1,Free Wifi Free parking 
Hotel Centre Point,3,Nan,1,
Hotel Journey Home,3,Nan,1,Free Wifi Restaurant 
Economy Home,3,Nan,1,Room service 
Hotel Transit,3,Nan,3,Restaurant 
Tirupati Holiday Inn,3,Nan,6,Free Wifi Restaurant 
The Neelaya Inn,3,Nan,2,Free Wifi Restaurant 
Hotel White Rose,4,Nan,12,Free Wifi Restaurant 
Thamel White Lotus Guest House,3,Nan,21,Room service Free Internet 
Hotel BackPakers,2.5,Nan,2,Room service 
Hotel Puskar,3,Nan,14,Free Wifi Restaurant 
Hotel Ashoka,2.5,Nan,4,
Kongde Hotel,2,Nan,1,Restaurant Room service 
Phoenix Home Stay Bed & Breakfast,2,Nan,1,Free Wifi Free parking 
Lucien Guesthouse,1,Nan,1,
Hotel Nippon,1,Nan,1,Room service 
OYO 374 Hotel Holiday Taj,2.5,Nan,4,Free Wifi Restaurant 
Hotel Kathmandu Hub Pvt Ltd,4.5,Nan,6,Free Wifi Restaurant 
Hotel Kali Gandaki,2,Nan,2,Restaurant Room service 
Meshrom Ghandruk Guest House,1,Nan,1,Room service 
Hotel Shahanshah International,1.5,Nan,2,Pool Room service 
Khumbu Hotel,3,Nan,8,Free Wifi Restaurant 
OYO 135 Lost Garden Apartment and Guest House,2,Nan,2,Restaurant 
Century Lodge,2,Nan,5,
Mustang Guest House,2,Nan,4,Free Wifi 
Bunjungle Adventures,2.5,Nan,2,
SPOT ON 465 Hotel Brunei Holiday Inn,1.5,Nan,2,Restaurant Room service 
Yeti Hostel,1,Nan,1,Free Wifi Room service 
OYO 219 Hotel Royal Kusum,1,Nan,1,Free Wifi Restaurant 
Boudha Zambala Hotel,1,Nan,1,Free Wifi Free parking 
Boudhanath Guest House,2,Nan,3,Free Wifi Free parking 
Hotel Yeti,1,Nan,1,Restaurant Room service 
Hotel Elite,2.5,Nan,12,Free Wifi Restaurant 
Hotel Pacific,2.5,Nan,12,Restaurant Room service 
Hotel Ruyi,1.5,Nan,3,Free Wifi Room service 
Indreni Girls Hostel,Nan,Nan,0,
OYO 236 Hotel Beli Nepal,3.5,Nan,6,Free Wifi Free parking 
Kathmandu Youth Hostel,3,Nan,4,
Hotel Silichung,1,Nan,2,
Hotel Lahana,2.5,Nan,6,Free Wifi Restaurant 
Hotel Himalaya Darshan,2,Nan,4,Free Wifi Free parking 
Artmandu,Nan,Nan,0,
Thamel Hostel,1.5,Nan,7,
Hotel Kathmandu View,3.5,Nan,27,
Adventure Alternative Nepal,5,Nan,5,Free Wifi 
Subaru Panorama Villa,Nan,Nan,0,Free parking Restaurant 
Nepal Yoga Institute,Nan,Nan,0,Free Wifi Free parking 
Aloha Inn,Nan,Nan,0,Fitness center 
Oyo 239 Hotel Kuti,Nan,Nan,0,Free Wifi Free parking 
Hotel Mahadev,Nan,Nan,0,Room service 
Hamro Butwal Guest House,Nan,Nan,0,Room service 
Hotel Siddhartha Gautam,Nan,Nan,0,Room service 
Cottage Aurora,Nan,Nan,0,
Golden Heaven Homestay,Nan,Nan,0,
Lost Garden Apartment & Guest House,Nan,Nan,0,
Hotel Sunaulo Inn,1.5,Nan,3,Free Wifi Free parking 
Satkar Hotel & Spa,5,"NPR 5,102",45,Free Wifi Free parking 
Organic Home Nepal,Nan,Nan,0,Free Wifi Free parking 
Kathmandu Apartments,Nan,Nan,0,
Basecamp International Hostel,Nan,Nan,0,
OYO 358 Hotel Rose Star,Nan,Nan,0,Free parking Restaurant 
Nagarjun Home Stay,Nan,Nan,0,
Jadhari House,Nan,Nan,0,
Memorial Guest House,Nan,Nan,0,
MP Royal Rupandehi Boy's Hostel,Nan,Nan,0,Free Wifi Free parking 
Kathmandu Unity Boys Hostel,Nan,Nan,0,Free Wifi Free parking 
Bimu Home,Nan,Nan,0,Free Wifi Free parking 
Kamal Homestay,Nan,Nan,0,Free Wifi Free parking 
Free Spirit Inn,Nan,Nan,0,
Kaji's Hospitality,Nan,Nan,0,Free Wifi Free parking 
Hotel Mansarober,Nan,Nan,0,Free Wifi Free parking 
Kshanti Restaurant and Hotel Inn,Nan,Nan,0,Free Wifi Free parking 
Mandala House,Nan,Nan,0,
Om Shanti & Lotus Guest House,Nan,Nan,0,Restaurant Room service 
Patan - Studio Apartment - Samasara,Nan,Nan,0,
Sharon Homestay,Nan,Nan,0,
Hotel Pasa,Nan,Nan,0,Free Wifi Free parking 
City View Homestay,Nan,Nan,0,
A&A Hotel,Nan,Nan,0,
Deepjyoti Hospitality,Nan,Nan,0,
Rainbow Hotel and Restaurant,Nan,Nan,0,Free Wifi Free parking 
"Villa 72,harmony Of Good Food, Greens And Stay - R2",Nan,Nan,0,
Hotel Norling Nepal,Nan,Nan,0,
SPOT ON 488 Hotel Mana Shanta,Nan,Nan,0,Free parking Restaurant 
Four Season Boutique Hotel,Nan,Nan,0,
Ananya Apartments Phase II,Nan,Nan,0,
Apartment in Nepal,Nan,Nan,0,
Nepal Music Homestay,Nan,Nan,0,
The Oasis Poshtel - Bed & Breakfast,Nan,Nan,0,
Kathmandu Eco Homestay,Nan,Nan,0,Free Wifi 
UTurn Hotel,Nan,Nan,0,Free Wifi Free parking 
Home Away From Home Kathmandu,Nan,Nan,0,Restaurant 
Elephant House,Nan,Nan,0,Free Wifi Free parking 
OYO 467 Hotel Kripa,Nan,Nan,0,
Munus Travel Home,Nan,Nan,0,
Summer Palace Garden Hotel,Nan,Nan,0,
"Hostel By at Kathmandu, Nepal by Idex",Nan,Nan,0,
Human Welfare Committee,Nan,Nan,0,
Everest Inn Phakding,Nan,Nan,0,Free Wifi Restaurant 
Hotel Surya,Nan,Nan,0,Free Wifi Restaurant 
Joy Source Guest Home,Nan,Nan,0,Free Wifi Free parking 
Natural Home,Nan,Nan,0,Free parking Restaurant 
Delta Guest House,Nan,Nan,0,
Hotel The President,Nan,Nan,0,Restaurant Room service 
Laxmi Guest House,Nan,Nan,0,Restaurant Room service 
Hotel Titanic,Nan,Nan,0,Free Wifi Restaurant 
Hotel President,Nan,Nan,0,Restaurant Room service 
Shambhala Village Resort,Nan,Nan,0,Free Wifi Restaurant 
Anahata Place,Nan,Nan,0,
Hotel Holiday Kathmandu,Nan,Nan,0,Free Wifi Restaurant 
Mount Makalu Hotel,Nan,Nan,0,Free Wifi Restaurant 
Hotel Melody,Nan,Nan,0,Free Wifi Free parking 
Platinum Beacon Hotel,Nan,Nan,0,Free Wifi Free parking 
Prism Homestay,Nan,Nan,0,
Big Tree Hostel,Nan,Nan,0,
BnB Boudhha,Nan,Nan,0,
OYO 399 Club Orchid Inn,Nan,Nan,0,Free Wifi Free parking 
Borderlands Nepal,Nan,Nan,0,
Organic Farm House Kapan,Nan,Nan,0,
Hotel Grand Prince,Nan,Nan,0,
"Valley Homestay, Kathmandu",Nan,Nan,0,
Tao Guest House,Nan,Nan,0,Free Wifi Free parking 
J339,Nan,Nan,0,Restaurant 
Hotel Om Bheri Bageshowri,Nan,Nan,0,Restaurant 
Hotel Isan,Nan,Nan,0,Room service 
Hotel Uttarganga,Nan,Nan,0,Restaurant Room service 
Best Guest House,Nan,Nan,0,Room service 
Hotel New Basuki,Nan,Nan,0,Room service 
New Rapti Ghimruk Swargadwari Guest House,Nan,Nan,0,Room service 
New Dhampus Guest House,Nan,Nan,0,Room service 
Okhaldhunga Gauri Guest House,Nan,Nan,0,
New Baglung Dharshan Guest House,Nan,Nan,0,Room service 
Anushree Guest House,Nan,Nan,0,
Kathmandu Trisuli Hotel,Nan,Nan,0,Room service 
The Lumbini Hotel,Nan,Nan,0,Restaurant Room service 
Tokyi Guest House,Nan,Nan,0,
Gajurmukhi Purbeli Hotel,Nan,Nan,0,
Paschim Lumbini Guest House,Nan,Nan,0,Room service 
The Sisne Rapti Guest House,Nan,Nan,0,Room service 
Hotel Mount Dhaulagiri,Nan,Nan,0,Room service 
Parbat Shikhar Hotel,Nan,Nan,0,Room service 
Victoria Guest House,Nan,Nan,0,
Real Dream Guest House,Nan,Nan,0,Room service 
Hotel Puja,Nan,Nan,0,Restaurant Room service 
Hotel Krishna Palace,Nan,Nan,0,Room service 
Hotel Hardik,Nan,Nan,0,Restaurant Bar/Lounge 
Api Guest House,Nan,Nan,0,
Shree Pashupati Hotel and Lodge,Nan,Nan,0,Restaurant Bar/Lounge 
Hotel Central Park,Nan,Nan,0,Room service Bar/Lounge 
Kingdom Guest House,Nan,Nan,0,Restaurant Room service 
Juneli Guest House,Nan,Nan,0,Restaurant Room service 
Aakash Hotel,Nan,Nan,0,Restaurant 
New Amar Lodge,Nan,Nan,0,Room service 
Hotel Vision Nepal,Nan,Nan,0,Free Wifi Restaurant 
View Roadshow Hotel,Nan,Nan,0,Restaurant Room service 
Hotel Lemon Tree,Nan,Nan,0,
Hotel Dudhpokhari & Lodge,Nan,Nan,0,Room service 
New Walling Guest House,Nan,Nan,0,Room service 
Hotel Majesty,Nan,Nan,0,Restaurant Room service 
Emperor Hotel,Nan,Nan,0,Room service 
SPOT ON 505 Hotel View Global,Nan,Nan,0,Free parking Restaurant 
New Malaya Guest House,Nan,Nan,0,
Hotel Himali Chhaya,Nan,Nan,0,Free Wifi Restaurant 
Lali Gurans Guest House,Nan,Nan,0,Room service 
Hotel Palace Home,Nan,Nan,0,Room service 
Hotel New Sikles,Nan,Nan,0,Restaurant Room service 
The Himanchal Lodge & Hotel,Nan,Nan,0,Restaurant Room service 
New Namaste Guest House - Sundhara,Nan,Nan,0,Room service 
Hotel Saptarangi,Nan,Nan,0,Restaurant Room service 
Hotel United,Nan,Nan,0,Room service 
Hotel Sangam,Nan,Nan,0,Restaurant 
SPOT ON 477 Hotel Nikud,Nan,Nan,0,Restaurant Room service 
Machhapuchhera Guest House,Nan,Nan,0,Room service 
Sony Guest House,Nan,Nan,0,Room service 
Hotel Kaveri,Nan,Nan,0,Restaurant Room service 
Sun Guest House,Nan,Nan,0,Room service 
Hotel Sea Paradise,Nan,Nan,0,Restaurant Room service 
Hotel Buddha Bhoomi,Nan,Nan,0,Free Wifi Restaurant 
Tibet Cottage,Nan,Nan,0,
Hotel Shubha Laxmi,Nan,Nan,0,
Hotel Leader Palace,Nan,Nan,0,
Hotel Rupa View,Nan,Nan,0,Restaurant Room service 
Gandaki View Hotel,Nan,Nan,0,Room service 
Hotel Peace Tokyo,Nan,Nan,0,Room service 
Om Sundhara Guest House,Nan,Nan,0,
Hotel Bindabasini,Nan,Nan,0,Restaurant Room service 
Manaharsit Resort,Nan,Nan,0,Free Wifi Restaurant 
Bouddha Meditation Centre and Inn,Nan,Nan,0,
Hotel Jagaruk,Nan,Nan,0,
Resort Bhandarkhal,Nan,Nan,0,Restaurant Bar/Lounge 
Sherpa Shangrila Resort,Nan,Nan,0,Restaurant Room service 
North Valley Home Stay,Nan,Nan,0,Free Wifi Free parking 
U-Turn Hotel,Nan,Nan,0,Free Wifi Free parking 
Hotel Maroon Pvt. Ltd,Nan,Nan,0,
Rest @ Best Bed & Breakfast,Nan,Nan,0,Free Wifi Free parking 
Home stay with Meditation,Nan,Nan,0,
Shehari The Village,Nan,Nan,0,Free Wifi Room service 
Akasha Wellness Bed and Breakfast,Nan,Nan,0,
Nepal Home and Apartments,Nan,Nan,0,
Zhonghua Hotel,Nan,Nan,0,
Gyanmalla Kapan Homestay,Nan,Nan,0,Restaurant Room service 
House,Nan,Nan,0,Free Wifi Free parking 
Retreat Nepal,Nan,Nan,0,Free Wifi Free parking 
Season Home Home Stay,Nan,Nan,0,Free Wifi Free parking 
Boys Hostel,Nan,Nan,0,
Manamaiju Homestay and Hotel,Nan,Nan,0,
Hotel Roland Pvt. Ltd,Nan,Nan,0,
Satkar Hotel & Spa,5,"NPR 5,102",45,Free Wifi Free parking 
Space A,Nan,Nan,0,
Monkey Temple Adventure Inn,Nan,Nan,0,
Rauniyar Boys Hostel,Nan,Nan,0,Free Wifi Free parking 
Hotel Inn Boudha Pvt Ltd,Nan,Nan,0,Restaurant 
Luxury Suite Apartment,Nan,Nan,0,Free Wifi Room service 
Bhagwan's Home Stay,Nan,Nan,0,
The Red Fort Boutique Hostel,Nan,Nan,0,
Makalbari Home Stay,Nan,Nan,0,
Peace Eye Residency,Nan,Nan,0,
Panorama Home Stay,Nan,Nan,0,
Palace Chhetrapati Hotel,Nan,Nan,0,
Open House Boudha,Nan,Nan,0,
Nepal Hotel and Apartment,Nan,Nan,0,Free Wifi Free parking 
Basnet Homestay,Nan,Nan,0,
Himalayan House Resort,Nan,Nan,0,
Hotel The Mount Takao,Nan,Nan,0,
My Motel,Nan,Nan,0,Free Wifi Free parking 
Unique Guest House,Nan,Nan,0,Free parking 
Sun Beam Guest House,Nan,Nan,0,
Park Guest House,Nan,Nan,0,
Rising Star Inn,Nan,Nan,0,
Boudanath Guest House,Nan,Nan,0,
Bharat Guest House,Nan,Nan,0,Free Wifi Restaurant 
Hotel Swiss,Nan,Nan,0,Free Wifi Restaurant 
Lazimpat Home Stay,Nan,Nan,0,Free Wifi Free parking 
Hotel Crystal,Nan,Nan,0,
Huha House,Nan,Nan,0,
Hotel New Sahara,Nan,Nan,0,Free Wifi Room service 
Hotel Prime,Nan,Nan,0,
Your Next Home,Nan,Nan,0,Restaurant 
Soulful Retreat,Nan,Nan,0,
Hostel Himalaya Rayamajhi Marga,Nan,Nan,0,
Stay With View Point Kathmandu,Nan,Nan,0,
Alchemy Bed and Breakfast,Nan,Nan,0,
Hotel SNG,Nan,Nan,0,
Tharu Village Hotel,Nan,Nan,0,
KTM Hotel Planet,Nan,Nan,0,Free Wifi Restaurant 
Pedal Sports and Apartments,Nan,Nan,0,
Capital O 624 Hotel Rudra View Pvt. Ltd.,Nan,Nan,0,Free Wifi Free parking 
Hotel 3 Brothers Pvt. Ltd,Nan,Nan,0,Free Wifi Free parking 
Hotel Actual Home,Nan,Nan,0,Free Wifi Restaurant 
Bouddha Hotel,Nan,Nan,0,
Hotel Kaligandaki,Nan,Nan,0,
Laughing Buddha Home,Nan,Nan,0,
Serviced Apartments,Nan,Nan,0,
Basnet Home Stay Kathmandu,Nan,Nan,0,Free Wifi Free parking 
Hotel Skylark,Nan,Nan,0,
Gateway Hotel Inn,Nan,Nan,0,Free Wifi Restaurant 
Ravi Hotel & Guest House,Nan,Nan,0,Free Wifi Restaurant 
Hotel Golden Eye,Nan,Nan,0,
Dipankar Inn,Nan,Nan,0,Free Wifi Restaurant 
Hotel Parada Inn,Nan,Nan,0,Restaurant Room service 
Himalayan Sherpa Inn,Nan,Nan,0,
Himalayan Regency Hotel,Nan,Nan,0,
Borderlands Eco Adventure Center,Nan,Nan,0,
Yado 240 Guest House,Nan,Nan,0,
Live Inn BnB,Nan,Nan,0,Free Wifi Free parking 
Simrik Real Nepal Treks & Expedition,Nan,Nan,0,
Hotel 365 Inn,Nan,Nan,0,
Nepali Home,Nan,Nan,0,
Kathmandu Light Hostel,Nan,Nan,0,Restaurant 
Shiva Tirupati Hotel,Nan,Nan,0,
2 Rivers Lodge,Nan,Nan,0,
Happy Neighbour Guest House,Nan,Nan,0,Free Wifi Free parking 
Hotel Tawa Group,Nan,Nan,0,Free Wifi Free parking 
Gesar Hotel,Nan,Nan,0,
Prakriti's Home,Nan,Nan,0,
Geographic Home,Nan,Nan,0,Free Wifi Free parking 
Hotel Raj Palace,Nan,Nan,0,Free Wifi Free parking 
Sister's house,Nan,Nan,0,
Peace Guesthouse,Nan,Nan,0,Free Wifi Room service 
Hotel Heritage,Nan,Nan,0,Room service 
Nagarjun Eco Homestay,Nan,Nan,0,
Shobhalaya,Nan,Nan,0,Free Wifi Free parking 
Nibo'er Jiademandu Tai Mi'er Durbar Marg Xiang Shen Kezhan,Nan,Nan,0,
Hotel Narayana,Nan,Nan,0,
Guest House Paradise,Nan,Nan,0,Free Wifi Free parking 
Banglow,Nan,Nan,0,
Rapti Guest House,Nan,Nan,0,
Fair View Guest House,Nan,Nan,0,
Heritage Home Hotel and Guest House,Nan,Nan,0,
Oyo 657 Hotel Everest Mount Holiday,Nan,Nan,0,
Hotel Roka,Nan,Nan,0,Free Wifi Free parking 
Hotel Manisankar,Nan,Nan,0,
Gurung Hotel,Nan,Nan,0,
Hotel Yanki,Nan,Nan,0,Free Wifi Free parking 
Boudha Gallery Hotel,Nan,Nan,0,
Golden House Homestay,Nan,Nan,0,Free Wifi Free parking 
Poudel Homestay Pharping- Make Memories,Nan,Nan,0,
Hotel Gurkha,Nan,Nan,0,
Yese Hotel,Nan,Nan,0,
Jyatha Inn,Nan,Nan,0,Free Wifi Restaurant 
Garuda Hotel,Nan,Nan,0,
Second Home Tourist Hostel,Nan,Nan,0,Free Wifi Restaurant 
Hotel Baltic Inn,Nan,Nan,1,
Januka Home Stay,Nan,Nan,0,Free Wifi Restaurant 
Lazz Inn,Nan,Nan,0,Free Wifi Free parking 
Subidha Guest House,Nan,Nan,0,
The Tantra,Nan,Nan,0,Free Wifi Free parking 
Haatiban Resort,Nan,Nan,0,
Shehari Hospitality,Nan,Nan,0,
Boudha Sichuan Hotel,Nan,Nan,0,
Rudramati Marg B&B,Nan,Nan,0,
Hotel Shailung,Nan,Nan,0,Bar/Lounge 
Lapha Family Homestay,Nan,Nan,0,
Monastery Homestay By Nubri Four Season,Nan,Nan,0,
Rainbow Sisters Farm,Nan,Nan,0,Restaurant 
New Hotel,Nan,Nan,0,
OYO 414 Hotel Om,Nan,Nan,0,Free Wifi Free parking 
Hotel Evening View,Nan,Nan,0,Restaurant Room service 
B&B In Baluwatar,Nan,Nan,0,
Kathmandu Tourist Homestay,Nan,Nan,0,
Nibo'er Jiademandu Tai Mi'er Huanggong Dadao Xiang Shen Kezhan,Nan,Nan,0,
A One Hotel,Nan,Nan,0,
Kankali Viewpoint Resort,Nan,Nan,0,
NHA HomeStay in Kathmandu,Nan,Nan,0,Free Wifi Free parking 
Namaste GuestHouse,Nan,Nan,0,
Du Nepal Inn & Lounge,Nan,Nan,0,
Panorama Hotel And Dormitory,Nan,Nan,0,
Comfort Guest House,Nan,Nan,0,
Royal Homes,Nan,Nan,0,
Rupas Home,Nan,Nan,0,
Lasata Newa Dera,Nan,Nan,0,Free Wifi 
Season Home Stay,Nan,Nan,0,
Hotel Pancha Buddha,Nan,Nan,0,
Room Nepal,Nan,Nan,0,
The Terrace Nepal,Nan,Nan,0,
Himalayan Vacation Home,Nan,Nan,0,
Quay Apartments,Nan,Nan,0,
Karnali Home,Nan,Nan,0,Free Wifi Free parking 
Biju Hostel Pvt. Ltd.,Nan,Nan,0,Free Wifi Free parking 
Budget Hotel Multiplex,Nan,Nan,0,
Ganesh Home Stay,Nan,Nan,0,
Nima House B&B,Nan,Nan,0,
Kapan Paradise Inn,Nan,Nan,0,Free Wifi Restaurant 
Voyage Home,Nan,Nan,0,Free Wifi Restaurant 
Everest Steak House and Hotel,Nan,Nan,0,Bar/Lounge 
Hotel Namaste and Retreat,Nan,Nan,0,
River Life Camp,Nan,Nan,0,Free Wifi Beach 
Lazimpat Apartment,Nan,Nan,0,
Hotel Dhorpatan,Nan,Nan,0,Room service 
Hikersbay Hostel Kathmandu,Nan,Nan,0,Free Wifi Restaurant 
Shuvakamana House,Nan,Nan,0,
Rosemary Hostel,Nan,Nan,0,
Maya Home,Nan,Nan,0,
Pro Nepal Tours,Nan,Nan,0,
Temba's House,Nan,Nan,0,
Home Away from Home,Nan,Nan,0,Free Wifi Free parking 
Nepalgunj Tanahun Hotel and Restaurant,Nan,Nan,0,
Wangdue Home,Nan,Nan,0,
Rigel Girls Hostel,Nan,Nan,0,
Yubaraj Guest House,Nan,Nan,0,Room service 
Sun Flower Guest House,Nan,Nan,0,Room service 
Dharahara Guest House & Restaurant,Nan,Nan,0,
Jomsom Guest House & Thakali Khana,Nan,Nan,0,Restaurant Room service 
New Panas Hotel,Nan,Nan,0,Restaurant Room service 
Hotel Twin Tower,Nan,Nan,0,Restaurant Room service 
Hostel By The Pond,Nan,Nan,0,
Kosheli Guest House,Nan,Nan,0,Room service 
Hotel Prayer Flag,Nan,Nan,0,Free Wifi Free parking 
Guan Yin Guest House,Nan,Nan,0,
Peaceful Home,Nan,Nan,0,
GJ House,Nan,Nan,0,
My Homestay Nepal,Nan,Nan,0,Restaurant Fitness center 
Bhrikuti Home Stay,Nan,Nan,0,
Fat Farm Hostel And Kitchen,Nan,Nan,0,
Accessible Himalayas B&B,Nan,Nan,0,
Good Vibes,Nan,Nan,0,Free Wifi Free parking 
Comfort Homestay,Nan,Nan,0,Free Wifi Free parking 
Minar Guest House,Nan,Nan,0,Free Wifi Restaurant 
Poudel Homestay Pharping,Nan,Nan,0,
OYO 642 Hotel Ramanam,Nan,Nan,0,
Khawalung Monastery,Nan,Nan,0,
Happy Hostel,Nan,Nan,0,
Hotel Krishna Palace,Nan,Nan,0,Free Wifi Free parking 
Delights Home,Nan,Nan,0,
Pigeon Homestay,Nan,Nan,0,
Hidden Treasure Homestay,Nan,Nan,0,
Trekking and Expeditions in Nepal,Nan,Nan,0,
Gautam Homes,Nan,Nan,0,
Gumba Backpackers Home,Nan,Nan,0,
Town Planning Guesthouse,Nan,Nan,0,Free Wifi Free parking 
Summit Village Lodge,Nan,Nan,0,
Art Cottage,Nan,Nan,0,
Hotel Backpackers,Nan,Nan,0,
Raj Homestay,Nan,Nan,0,Free Wifi Room service 
Himalayan Bliss Homestay,Nan,Nan,0,
Nandani and Resto,Nan,Nan,0,
Typical Nepali Home Stay And Breakfast,Nan,Nan,0,
Boudha Peace Guesthouse,Nan,Nan,0,
Annapurna Lodge,Nan,Nan,0,Restaurant Bar/Lounge 
Hotel Ritz Himalaya,Nan,Nan,0,Restaurant 
Shivam Guest House,Nan,Nan,0,
Tulsi Apartment,Nan,Nan,0,
Anjali Hostel,Nan,Nan,0,
Hotel Shanti Kunja,Nan,Nan,0,
Bodhi Tree Hostel,Nan,Nan,0,Free Wifi Restaurant 
Himalayan Hotel and Service Apartments,Nan,Nan,0,Free Wifi Free parking 
My Friend's Hostel,Nan,Nan,0,
